student_id,grade,gender,sleep_hours,sleep_quality,homework_hours,tests_per_week,extracurricular_hours,num_activities,screen_time_hours,commute_minutes,family_support,friend_support,teacher_support,self_rated_stress,burnout_score,high_burnout
1,10,Female,8.0,3,2.1,2,2.7,2,8.0,25.3,4,3,5,2,2,0
2,9,Male,6.2,4,3.9,0,2.2,2,0.0,15.9,2,4,4,1,1,0
3,12,Male,10.8,4,2.7,5,1.4,1,5.8,19.7,4,2,2,2,2,0
4,11,Male,6.6,4,0.9,2,0.0,0,5.0,20.8,4,2,2,1,1,0
5,12,Male,8.0,3,1.1,4,3.6,4,4.7,53.8,2,5,2,2,2,0
6,10,Male,7.6,4,0.4,2,2.4,2,1.2,44.0,3,3,1,2,2,0
7,11,Female,6.7,2,2.1,4,2.2,2,7.3,14.6,3,3,1,4,3,0
8,12,Female,6.9,4,1.2,3,0.5,1,3.4,31.8,5,3,1,1,1,0
9,12,Male,9.2,5,1.3,3,3.2,4,4.0,20.0,5,4,4,1,1,0
10,12,Male,4.9,3,1.2,1,0.0,0,4.3,5.0,1,4,5,3,3,0
11,9,Male,7.7,4,2.8,0,2.6,3,4.7,5.0,1,2,4,1,2,0
12,11,Male,5.4,2,3.0,4,0.0,0,4.9,69.3,2,5,4,5,3,0
13,11,Male,5.0,3,2.3,1,2.6,2,3.7,58.0,1,1,4,4,4,1
14,12,Male,7.1,2,1.1,4,4.3,3,6.4,14.3,2,1,3,4,3,0
15,12,Female,8.2,4,2.8,4,1.5,1,2.5,56.1,4,5,5,1,1,0
16,10,Female,7.3,3,2.7,0,1.8,3,5.2,41.3,4,4,3,2,2,0
17,12,Male,6.8,4,2.7,4,2.2,3,1.1,29.7,5,4,3,1,2,0
18,9,Male,9.8,4,1.3,4,2.8,2,3.2,56.0,3,3,2,2,1,0
19,11,Female,7.0,4,4.7,0,4.3,3,1.9,37.9,5,5,3,3,3,0
20,11,Nonbinary,4.1,3,1.8,0,1.3,2,4.6,42.7,1,2,2,4,2,0
21,10,Male,5.5,3,3.2,1,1.3,1,2.6,65.6,1,5,4,4,3,0
22,12,Female,12.0,2,3.5,4,3.2,3,6.9,5.0,3,1,2,4,4,1
23,11,Male,5.7,3,4.8,3,3.4,3,4.3,32.6,4,5,4,3,3,0
24,9,Male,5.9,3,1.8,2,3.7,3,4.8,14.6,2,5,2,3,3,0
25,9,Male,7.5,3,3.9,4,0.0,0,1.8,55.3,5,5,3,3,2,0
26,12,Male,5.1,2,5.3,3,3.9,4,4.5,60.9,1,5,2,4,4,1
27,9,Male,7.1,3,3.1,3,0.5,1,9.7,48.2,3,4,4,2,3,0
28,10,Female,5.1,4,3.4,0,0.7,1,4.7,35.6,5,5,4,2,1,0
29,9,Male,6.1,2,3.0,4,2.8,2,6.7,16.1,4,1,5,4,3,0
30,10,Female,7.7,3,3.3,3,0.8,1,8.2,52.9,5,4,1,3,3,0
31,9,Male,6.5,2,0.2,2,0.0,0,11.5,13.1,5,1,3,3,2,0
32,12,Female,6.1,2,4.1,5,2.2,2,8.8,45.4,4,3,5,4,4,1
33,12,Male,6.0,2,0.0,5,1.2,2,5.0,65.4,4,1,2,5,4,1
34,12,Male,7.1,3,0.5,4,0.6,1,4.0,53.1,5,3,5,3,2,0
35,12,Nonbinary,6.0,3,0.0,2,1.5,2,7.7,61.4,2,4,2,2,2,0
36,12,Female,8.2,4,3.6,1,2.4,3,2.8,34.5,1,5,2,1,2,0
37,9,Female,7.0,3,4.7,0,4.8,4,6.0,49.2,3,1,3,4,3,0
38,11,Male,8.5,4,0.5,1,3.3,3,4.7,23.5,4,5,1,1,1,0
39,9,Male,9.6,4,1.5,2,5.8,4,2.0,21.9,3,5,1,2,2,0
40,12,Male,6.8,3,2.1,2,0.0,0,4.9,35.5,2,1,3,3,3,0
41,10,Male,6.8,3,2.9,4,2.1,2,4.9,36.0,5,5,5,2,2,0
42,9,Male,9.0,5,1.1,3,0.0,0,3.3,5.0,2,4,2,1,1,0
43,12,Male,6.2,3,4.6,2,2.8,2,10.1,22.2,4,2,2,3,2,0
44,10,Female,9.2,5,0.0,3,1.4,1,5.4,54.2,5,5,4,1,1,0
45,12,Male,7.2,4,0.8,4,1.2,2,4.0,18.0,1,3,4,2,1,0
46,12,Male,5.4,3,3.3,2,2.6,2,3.0,27.9,2,4,2,3,2,0
47,9,Male,9.9,4,1.5,2,2.0,4,5.1,34.3,4,1,1,1,2,0
48,11,Female,7.1,3,1.3,1,2.2,4,6.5,30.6,3,3,3,2,2,0
49,11,Male,9.3,3,1.3,4,1.6,3,0.1,11.9,1,1,2,3,2,0
50,10,Male,7.3,3,0.5,1,3.1,3,7.7,22.2,2,1,4,2,2,0
51,10,Female,4.1,2,2.5,0,2.4,4,6.9,32.5,4,3,1,4,3,0
52,10,Nonbinary,5.8,3,1.1,3,2.7,2,4.5,35.7,1,3,1,4,4,1
53,10,Female,5.6,3,2.8,0,1.3,1,6.3,64.2,5,3,4,3,3,0
54,10,Male,4.5,1,5.5,1,4.7,4,9.0,77.8,4,1,5,5,4,1
55,12,Male,7.7,3,3.5,3,0.7,1,6.3,27.1,3,1,4,3,3,0
56,12,Male,7.2,3,2.0,5,2.3,2,4.4,64.2,4,1,5,3,3,0
57,10,Female,7.4,3,0.0,0,0.0,0,6.6,60.2,2,5,3,2,1,0
58,10,Female,9.1,4,3.3,4,0.0,0,3.2,20.8,3,4,5,1,1,0
59,9,Female,7.1,4,3.2,0,2.4,4,4.0,36.7,4,5,4,1,2,0
60,9,Male,6.3,3,4.0,2,2.1,2,6.9,8.8,2,3,3,2,2,0
61,12,Female,5.7,3,2.8,1,3.3,3,0.4,82.9,4,4,4,3,3,0
62,10,Male,8.0,3,1.8,1,1.9,3,4.3,5.0,1,1,3,2,3,0
63,9,Male,5.5,3,3.7,1,1.0,1,1.7,31.5,3,1,3,4,3,0
64,9,Male,4.7,2,1.5,2,0.5,1,7.1,14.0,5,1,1,4,3,0
65,12,Female,6.0,2,1.3,4,4.5,4,5.3,43.5,5,3,2,5,4,1
66,11,Female,5.5,3,0.0,2,2.0,3,3.9,46.7,5,3,2,4,2,0
67,10,Male,7.7,4,2.4,2,2.0,2,3.5,30.6,1,5,3,1,1,0
68,11,Female,8.5,4,2.6,2,4.3,3,5.0,5.0,5,2,2,1,2,0
69,12,Female,5.1,2,4.5,5,3.4,4,3.4,5.0,1,2,5,5,4,1
70,12,Male,6.9,3,4.2,2,2.0,2,4.9,5.0,1,2,5,3,2,0
71,11,Male,8.7,4,2.7,1,3.0,3,7.3,56.2,2,1,5,1,2,0
72,9,Male,7.7,3,4.0,3,4.7,4,5.5,5.0,2,5,1,3,2,0
73,11,Male,7.8,3,2.8,1,3.6,4,3.5,14.9,3,4,1,3,3,0
74,12,Male,9.3,4,2.3,4,2.7,2,1.5,37.5,1,3,5,2,1,0
75,10,Male,5.4,3,3.7,0,2.6,2,1.4,62.0,5,4,4,3,2,0
76,12,Nonbinary,6.0,3,4.0,1,3.1,3,6.3,55.7,3,5,1,3,3,0
77,12,Male,4.7,2,3.7,5,0.0,0,4.9,32.7,2,3,5,5,4,1
78,12,Male,6.9,3,3.3,4,1.4,1,2.2,56.7,3,2,4,3,3,0
79,11,Female,7.2,3,4.0,1,2.7,2,8.4,26.1,3,5,5,2,2,0
80,9,Male,6.7,4,1.7,3,0.0,0,5.0,5.0,1,4,5,1,1,0
81,12,Female,4.6,2,2.1,5,2.9,2,6.3,12.3,5,5,3,4,3,0
82,12,Female,7.1,3,2.6,4,5.3,4,4.8,21.7,2,3,2,3,3,0
83,12,Female,7.8,2,2.6,5,0.0,0,7.4,5.0,2,3,2,4,3,0
84,12,Male,7.0,2,3.5,1,3.2,3,7.8,5.0,2,3,1,4,3,0
85,10,Male,7.8,4,1.1,3,2.4,2,4.6,49.5,2,2,5,2,2,0
86,9,Female,5.4,3,1.2,4,2.6,2,0.0,41.7,2,3,5,4,3,0
87,12,Female,8.2,2,4.1,4,2.0,3,6.0,53.4,3,5,2,4,4,1
88,9,Female,6.9,4,2.3,1,3.2,3,5.5,33.8,5,5,4,1,1,0
89,11,Male,8.0,4,2.0,1,0.0,0,9.3,34.4,4,4,5,1,1,0
90,10,Female,7.3,4,1.4,0,0.6,1,5.3,70.4,2,2,5,1,1,0
91,11,Male,8.7,4,2.3,3,0.0,0,4.1,5.5,1,5,5,1,2,0
92,12,Male,6.3,3,2.9,5,2.7,3,5.9,7.7,1,5,3,3,2,0
93,11,Female,7.5,3,3.3,3,2.9,2,4.4,64.4,1,1,5,3,3,0
94,12,Female,8.1,3,3.0,6,4.4,3,3.1,5.0,4,1,1,3,3,0
95,11,Male,7.7,4,3.8,2,2.6,4,3.0,5.0,5,2,2,1,3,0
96,10,Female,6.3,3,3.2,2,1.2,2,5.7,23.5,1,4,1,3,3,0
97,10,Male,8.8,3,4.0,0,2.3,4,3.7,31.8,2,2,2,4,3,0
98,9,Male,7.9,3,3.9,0,0.0,0,7.8,37.9,1,2,4,3,3,0
99,12,Male,7.2,3,2.2,3,0.0,0,6.9,56.3,3,2,4,3,2,0
100,12,Male,6.3,2,1.6,4,0.5,1,6.0,13.1,3,5,1,4,3,0
101,10,Male,5.0,3,2.0,4,1.2,1,4.3,37.0,4,5,4,3,3,0
102,11,Female,8.2,3,3.1,1,3.6,4,10.2,42.0,4,2,2,2,3,0
103,12,Male,5.1,2,4.4,1,1.2,1,1.9,27.5,2,4,2,5,4,1
104,10,Male,6.6,2,4.1,0,3.3,3,4.7,5.0,1,3,1,4,4,1
105,12,Male,6.9,4,2.6,3,0.0,0,6.0,5.0,4,3,4,2,1,0
106,9,Male,7.8,2,4.3,4,0.0,0,6.7,19.7,4,4,4,4,3,0
107,12,Male,5.1,2,2.8,5,4.5,3,6.3,12.1,3,3,2,4,2,0
108,11,Male,7.8,3,2.6,4,3.6,3,2.9,42.0,2,4,2,3,2,0
109,9,Male,6.8,3,3.5,0,1.8,3,4.9,19.7,1,4,1,3,3,0
110,12,Female,7.2,3,3.9,3,0.0,0,1.3,24.8,1,5,1,3,2,0
111,9,Female,8.4,3,2.0,4,1.8,2,4.7,45.1,1,5,1,3,2,0
112,11,Male,4.5,3,2.0,0,1.5,2,1.9,39.0,2,3,3,3,2,0
113,12,Female,7.9,3,2.6,5,2.5,2,5.1,6.4,2,4,3,3,3,0
114,10,Female,7.1,4,4.8,3,3.9,4,2.6,39.2,3,2,5,2,3,0
115,11,Female,10.7,3,2.9,1,0.0,0,7.0,20.4,2,1,3,3,2,0
116,10,Female,7.8,3,2.3,0,1.6,3,3.4,54.1,2,3,5,3,3,0
117,12,Male,7.7,3,4.2,2,2.6,2,2.4,24.0,2,3,4,3,4,1
118,9,Female,5.8,2,0.6,0,2.7,2,9.4,19.1,1,5,1,4,3,0
119,9,Male,5.0,2,1.7,0,0.8,1,6.5,33.3,5,2,3,4,2,0
120,11,Male,4.0,3,1.7,3,0.8,1,7.1,8.0,5,4,5,2,2,0
121,10,Male,5.9,2,1.6,4,1.2,1,5.1,44.0,4,5,2,5,4,1
122,12,Female,5.2,2,3.1,5,1.8,3,8.3,10.2,5,5,5,4,3,0
123,11,Male,9.4,4,4.5,3,2.9,2,4.4,5.7,5,4,3,2,2,0
124,12,Female,8.2,4,2.8,1,3.8,3,3.5,8.6,2,5,4,1,1,0
125,10,Male,7.1,4,1.2,1,4.1,3,6.4,5.0,3,3,4,2,1,0
126,12,Male,7.7,3,4.2,3,2.6,2,4.1,44.2,4,1,5,3,3,0
127,11,Male,8.4,5,1.7,2,0.0,0,1.8,48.6,5,5,2,1,1,0
128,10,Male,7.1,4,2.9,3,2.1,4,0.0,52.9,2,4,3,3,1,0
129,9,Male,9.5,4,0.3,2,0.0,0,4.8,47.6,1,4,3,2,2,0
130,11,Female,5.6,3,1.4,3,2.0,3,3.5,5.0,4,4,2,4,3,0
131,10,Male,7.8,3,1.6,4,1.2,1,6.5,5.0,5,1,5,3,2,0
132,9,Female,7.9,3,2.3,4,0.6,1,7.4,51.8,2,4,4,3,3,0
133,11,Female,7.7,3,3.2,1,1.7,3,4.8,33.3,1,2,2,4,4,1
134,11,Female,6.1,2,4.8,3,2.6,4,7.6,45.9,4,1,5,4,4,1
135,12,Male,7.0,4,1.3,4,3.8,3,3.9,5.0,3,4,3,2,2,0
136,10,Male,8.1,3,1.4,0,0.0,0,7.0,12.8,2,3,1,2,2,0
137,9,Female,8.4,4,1.3,2,1.1,1,4.9,22.6,5,4,2,1,1,0
138,12,Male,5.7,3,0.0,5,0.0,0,2.9,29.1,4,4,5,4,4,1
139,9,Nonbinary,5.2,3,2.0,1,5.0,4,7.3,41.0,5,4,3,4,3,0
140,10,Female,5.8,3,3.0,4,4.0,3,3.9,59.6,3,4,5,3,2,0
141,11,Female,7.2,4,2.2,1,0.5,1,3.3,50.4,1,4,5,2,2,0
142,9,Female,7.9,3,4.1,4,1.4,2,2.4,27.3,1,5,1,4,3,0
143,12,Male,5.8,2,2.3,4,2.7,2,6.3,38.4,3,5,2,5,3,0
144,11,Female,3.9,2,4.7,4,2.1,4,1.6,5.0,4,4,1,5,3,0
145,12,Female,6.2,4,3.6,3,1.1,1,5.6,10.1,4,4,3,2,1,0
146,9,Male,7.0,3,3.9,3,1.9,2,6.4,28.3,4,1,1,3,3,0
147,11,Female,5.5,2,4.3,2,2.7,3,8.7,41.6,1,2,5,5,4,1
148,10,Male,5.3,2,0.0,4,2.9,2,5.3,40.3,2,3,2,5,3,0
149,10,Female,7.0,2,5.0,0,1.9,3,8.5,20.9,1,4,1,4,3,0
150,10,Male,6.7,4,3.1,1,0.0,0,4.5,51.1,4,1,5,2,3,0
151,10,Male,6.7,3,3.7,2,1.9,3,5.2,12.2,5,2,2,3,2,0
152,11,Nonbinary,6.2,3,0.6,1,4.3,4,6.6,17.9,3,3,1,3,3,0
153,9,Female,7.6,3,1.8,2,0.0,0,5.1,5.0,1,1,2,3,3,0
154,10,Male,5.8,2,5.5,2,5.0,4,4.1,17.1,4,4,3,5,4,1
155,12,Male,5.9,2,4.2,5,4.1,3,4.0,14.6,3,5,1,5,5,1
156,11,Female,7.6,4,1.5,3,0.0,0,4.5,13.7,3,4,1,1,1,0
157,10,Male,8.9,4,1.1,0,0.7,1,3.6,7.5,4,4,2,1,2,0
158,12,Male,6.4,4,1.7,6,4.0,3,3.9,33.8,5,4,3,2,2,0
159,11,Nonbinary,7.4,3,4.2,3,4.1,3,4.9,58.6,3,3,5,2,3,0
160,11,Female,10.9,4,2.0,4,4.1,3,5.4,35.5,4,2,3,1,2,0
161,10,Male,7.2,4,0.1,3,0.6,1,5.2,33.2,5,3,4,1,1,0
162,9,Female,7.6,3,0.1,0,5.2,4,8.9,37.4,3,3,1,3,2,0
163,10,Female,6.4,3,1.7,2,4.1,3,6.0,45.6,5,3,1,2,3,0
164,12,Female,5.0,1,3.5,5,1.2,1,6.4,27.3,3,3,3,5,4,1
165,10,Female,3.7,2,1.7,1,0.0,0,6.7,28.2,3,3,2,5,4,1
166,12,Female,7.7,4,3.9,2,2.7,2,9.1,25.5,5,5,4,1,1,0
167,9,Male,8.2,5,0.9,0,1.7,3,1.8,8.6,4,2,1,1,1,0
168,12,Female,5.1,2,2.7,4,3.0,2,7.5,11.5,2,5,5,4,3,0
169,9,Female,8.5,3,2.8,4,4.2,3,6.0,50.0,1,3,2,3,2,0
170,12,Male,6.5,3,4.3,5,2.7,3,6.2,32.5,5,3,4,3,3,0
171,11,Female,6.1,3,1.4,3,1.4,1,5.4,5.0,3,4,2,3,2,0
172,11,Male,6.9,3,0.3,0,0.0,0,5.2,23.8,3,4,4,2,1,0
173,10,Male,6.2,4,3.7,0,0.0,0,4.8,18.4,5,3,3,2,2,0
174,10,Female,7.0,4,0.2,3,1.8,2,3.6,5.0,5,5,5,2,2,0
175,12,Female,6.3,3,4.9,3,0.0,0,5.3,47.9,2,5,3,4,4,1
176,12,Male,10.3,4,1.3,2,4.7,4,7.3,31.1,2,3,3,1,3,0
177,9,Male,6.5,2,4.5,4,2.1,2,4.4,45.2,2,1,1,4,3,0
178,10,Female,6.0,4,3.6,0,2.7,3,1.1,6.1,3,2,4,2,2,0
179,10,Female,9.1,4,2.9,0,2.2,2,4.5,35.2,2,3,1,2,2,0
180,11,Female,6.5,3,1.0,4,0.0,0,5.9,5.0,4,3,5,2,2,0
181,9,Male,7.7,2,4.3,3,0.0,0,7.7,32.2,1,5,2,4,3,0
182,11,Nonbinary,7.0,3,2.3,2,1.3,2,4.1,5.0,2,3,5,2,2,0
183,12,Male,6.9,2,2.9,4,0.0,0,5.5,48.1,3,4,1,4,2,0
184,11,Male,5.3,2,5.8,4,2.7,2,8.5,14.2,3,2,2,5,4,1
185,9,Male,4.0,2,0.9,2,4.5,4,6.5,34.8,3,4,3,4,3,0
186,10,Male,8.3,4,4.7,4,4.1,3,4.6,35.2,5,4,3,2,1,0
187,11,Male,6.2,3,3.0,4,0.0,0,4.9,62.6,1,2,4,4,3,0
188,12,Female,7.0,3,0.0,3,2.0,2,4.8,40.7,1,3,2,2,2,0
189,10,Male,9.3,3,2.3,0,1.5,3,8.4,57.8,1,1,1,2,2,0
190,11,Female,8.5,3,2.1,2,2.4,2,8.9,17.5,2,5,4,1,2,0
191,9,Female,8.4,4,3.6,0,2.0,4,6.0,40.3,5,4,1,1,2,0
192,11,Male,7.7,4,2.5,3,1.7,2,3.4,30.6,3,4,5,1,2,0
193,10,Male,9.2,4,2.2,1,0.9,1,5.0,31.7,4,2,3,1,2,0
194,10,Male,6.7,2,0.6,4,4.4,4,6.3,16.0,5,3,1,4,3,0
195,11,Female,9.0,4,5.6,1,1.2,1,4.6,46.4,4,5,4,1,2,0
196,10,Female,6.2,3,1.9,1,1.5,2,3.6,17.5,1,1,1,4,3,0
197,10,Female,5.7,3,2.1,2,0.0,0,7.3,14.4,4,4,4,3,1,0
198,12,Female,5.2,3,2.7,2,0.6,1,6.5,33.8,5,5,3,2,2,0
199,12,Female,5.4,1,2.8,4,0.6,1,7.1,24.3,4,1,3,5,3,0
200,10,Male,6.7,3,2.0,1,0.0,0,7.5,49.4,3,1,4,3,3,0
201,10,Male,8.9,2,4.1,4,3.6,3,6.6,5.0,1,4,5,4,3,0
202,9,Male,4.9,2,2.7,4,0.5,1,1.5,25.4,5,2,1,5,3,0
203,10,Male,10.6,3,2.5,3,1.0,1,6.6,24.7,1,4,4,2,2,0
204,9,Female,5.9,3,2.7,0,0.7,1,3.5,13.1,5,1,1,3,3,0
205,11,Female,9.8,3,4.0,2,0.0,0,6.6,32.6,1,1,5,2,2,0
206,9,Male,5.8,3,0.0,3,1.7,3,4.8,72.5,2,1,5,3,3,0
207,11,Female,6.0,2,3.7,0,1.3,1,6.3,59.0,3,5,3,4,3,0
208,11,Male,6.4,4,3.8,0,2.5,3,2.7,52.3,4,1,1,2,3,0
209,12,Female,4.5,3,1.5,2,4.5,4,3.6,55.0,2,2,5,3,4,1
210,12,Female,4.7,2,3.5,2,2.6,2,5.6,5.0,3,4,4,4,3,0
211,10,Female,7.3,3,3.1,4,1.0,1,3.7,30.4,4,1,3,3,2,0
212,11,Female,7.7,3,2.5,1,2.6,3,4.4,31.2,4,2,3,3,2,0
213,12,Male,6.2,3,7.7,1,1.8,3,2.1,5.0,3,3,1,3,2,0
214,11,Nonbinary,6.4,3,0.0,1,4.0,3,7.5,5.0,1,2,2,3,2,0
215,9,Male,7.3,3,0.2,2,4.1,4,4.6,69.7,2,3,3,3,2,0
216,12,Female,5.3,2,1.7,3,0.7,1,7.8,21.4,5,1,3,5,4,1
217,11,Male,8.0,4,1.1,2,4.9,4,4.3,28.2,5,2,4,1,1,0
218,10,Male,7.5,3,1.8,0,3.7,4,5.7,18.4,5,1,2,2,2,0
219,9,Male,6.1,4,3.7,0,5.0,4,3.1,56.8,2,2,5,1,2,0
220,9,Male,7.9,3,0.0,0,1.8,2,7.9,32.7,2,2,3,2,1,0
221,10,Female,3.6,2,2.7,2,4.2,4,4.4,39.8,1,1,1,5,3,0
222,9,Male,6.7,3,2.8,1,5.4,4,4.5,42.8,1,2,3,3,2,0
223,9,Male,8.1,3,5.0,0,2.0,2,7.3,5.0,4,4,2,3,3,0
224,11,Female,6.5,2,1.2,4,2.4,2,5.3,5.0,1,1,3,4,3,0
225,10,Male,7.3,3,4.1,1,2.0,2,5.5,59.9,3,2,3,2,2,0
226,9,Male,8.0,3,2.1,4,1.8,2,4.9,35.3,1,5,1,2,3,0
227,9,Male,6.6,4,1.7,3,0.0,0,3.8,34.2,3,5,4,1,1,0
228,10,Nonbinary,5.6,2,1.4,0,1.5,1,5.1,47.8,5,4,1,4,4,1
229,10,Male,4.8,3,2.4,1,3.1,3,3.7,5.0,2,3,3,3,2,0
230,11,Female,6.6,3,3.7,1,1.7,2,2.4,46.4,3,2,1,4,4,1
231,10,Male,8.5,4,3.3,2,3.6,3,5.5,36.8,1,5,4,1,1,0
232,12,Female,9.3,3,4.7,2,1.2,1,6.5,36.3,2,3,4,2,2,0
233,10,Male,9.5,4,2.5,0,2.3,2,4.0,28.3,2,2,4,1,2,0
234,12,Male,5.3,3,0.0,2,2.2,2,3.1,5.0,2,2,3,4,3,0
235,12,Male,4.5,2,1.9,6,2.1,2,5.2,59.4,1,4,4,4,4,1
236,11,Female,6.6,3,2.4,2,5.1,4,11.5,5.0,2,2,3,2,2,0
237,11,Male,6.3,4,1.5,2,0.9,1,4.9,12.0,5,5,5,2,2,0
238,12,Male,8.4,4,3.7,2,0.0,0,4.8,20.1,2,4,1,1,2,0
239,12,Female,4.9,2,1.1,1,3.6,4,7.9,14.7,3,5,3,4,3,0
240,12,Female,3.8,3,0.0,1,0.0,0,4.0,21.7,5,5,4,3,2,0
241,9,Male,8.5,4,0.6,0,0.0,0,6.8,31.1,2,3,2,1,1,0
242,9,Female,6.6,4,3.4,2,3.2,3,2.2,5.0,3,5,1,2,1,0
243,11,Female,5.7,2,0.0,0,0.5,1,6.1,30.1,5,1,5,4,3,0
244,9,Female,5.8,2,0.6,0,1.4,2,4.1,29.1,1,5,1,4,3,0
245,11,Female,5.4,2,4.4,0,0.0,0,6.7,32.6,3,1,5,4,4,1
246,12,Male,6.6,3,1.5,2,0.6,1,4.6,33.1,4,1,4,2,3,0
247,12,Male,7.4,3,2.4,4,2.4,2,5.0,18.6,4,3,4,2,2,0
248,11,Male,8.9,4,0.8,0,0.0,0,6.3,5.0,4,2,5,1,2,0
249,11,Female,9.0,4,3.5,2,2.1,3,2.7,11.6,4,5,2,1,2,0
250,11,Female,7.5,4,3.9,1,2.9,3,5.4,37.8,5,3,3,2,1,0
251,12,Female,8.4,3,5.6,3,2.6,2,6.7,58.4,2,1,1,3,3,0
252,11,Male,6.9,3,1.6,1,4.6,4,3.4,37.0,2,5,4,3,2,0
253,12,Female,6.0,3,2.2,5,2.6,2,5.9,5.0,4,2,1,2,2,0
254,12,Female,6.6,3,3.5,6,3.0,2,4.1,37.4,3,5,3,3,3,0
255,12,Male,6.9,2,4.3,4,3.5,3,4.0,18.0,3,2,1,5,4,1
256,11,Female,8.6,3,4.1,0,4.5,3,5.5,13.6,3,3,2,3,3,0
257,9,Female,7.6,4,3.4,0,2.9,2,0.8,47.7,5,2,3,1,1,0
258,12,Male,9.2,3,2.5,1,1.1,1,8.9,41.3,1,4,1,2,2,0
259,10,Female,6.5,3,4.8,3,4.4,3,5.7,47.1,3,4,2,3,2,0
260,11,Male,6.5,3,3.6,3,1.1,2,5.3,48.6,5,2,1,3,3,0
261,12,Female,7.6,3,2.3,5,0.0,0,4.3,34.2,4,5,2,4,3,0
262,11,Female,9.4,3,3.0,3,5.9,4,4.1,16.7,1,1,2,3,3,0
263,9,Male,4.4,3,0.0,2,2.9,4,4.5,20.7,4,2,4,3,3,0
264,9,Male,5.3,3,3.0,1,2.1,2,4.2,26.8,5,2,3,3,3,0
265,12,Male,5.5,2,0.8,2,1.2,1,7.0,19.9,1,2,5,5,3,0
266,10,Female,6.3,4,0.3,2,2.6,3,0.0,38.7,3,2,4,2,1,0
267,12,Female,7.1,3,2.6,5,0.0,0,7.7,64.5,3,4,5,3,2,0
268,9,Female,5.9,2,2.2,0,2.9,2,5.8,40.4,3,4,1,4,4,1
269,10,Nonbinary,10.7,3,4.7,4,1.3,1,9.5,40.6,4,4,5,3,2,0
270,11,Male,5.7,3,1.3,2,5.8,4,3.0,44.8,3,2,3,3,3,0
271,11,Female,9.8,4,2.2,1,4.7,4,5.2,42.1,5,1,3,2,2,0
272,11,Female,7.3,4,5.1,0,1.6,3,0.8,18.6,2,1,4,3,3,0
273,11,Male,6.4,4,1.8,2,2.3,2,2.7,55.1,1,2,5,2,2,0
274,12,Male,7.3,2,1.3,4,0.0,0,7.2,5.3,3,3,1,4,3,0
275,9,Female,9.5,3,1.6,4,2.0,2,7.2,11.7,2,1,3,3,2,0
276,11,Female,4.0,3,0.0,2,0.8,1,3.4,36.6,3,4,1,3,2,0
277,12,Male,6.3,3,3.7,5,0.7,1,4.1,10.3,2,1,2,3,2,0
278,9,Male,8.3,3,4.7,0,3.0,4,4.6,13.9,2,2,4,2,3,0
279,10,Male,9.5,4,2.7,3,0.0,0,4.1,42.3,5,5,1,1,2,0
280,12,Male,5.9,2,4.6,2,3.4,4,6.6,11.8,3,4,4,5,4,1
281,12,Female,5.9,2,3.5,3,2.4,4,8.3,31.8,5,5,3,3,3,0
282,11,Male,6.0,3,5.6,3,1.3,1,5.8,28.7,5,5,4,3,3,0
283,10,Male,7.2,3,0.2,0,0.0,0,4.4,25.3,2,2,5,2,2,0
284,12,Female,7.2,4,2.8,2,5.4,4,2.6,15.7,5,5,3,1,2,0
285,9,Male,6.2,2,5.3,4,0.9,1,5.5,5.0,3,2,2,4,4,1
286,12,Male,6.7,3,0.1,3,3.6,3,5.2,5.0,3,3,4,3,3,0
287,12,Female,4.7,2,1.8,4,1.0,1,7.8,24.2,5,4,3,5,3,0
288,11,Female,6.2,4,1.6,2,0.0,0,4.4,5.0,2,4,3,1,1,0
289,10,Male,6.7,4,1.8,1,2.8,2,4.8,57.0,5,2,5,1,1,0
290,12,Male,5.3,2,4.3,1,1.1,1,4.9,28.1,3,3,2,4,4,1
291,11,Male,8.6,4,2.3,2,6.0,4,6.2,41.6,3,1,4,1,1,0
292,10,Male,5.0,3,3.9,3,0.0,0,4.6,13.2,5,1,2,4,3,0
293,9,Female,5.3,3,1.9,1,1.6,3,5.7,19.9,2,3,3,4,3,0
294,12,Female,7.0,4,1.3,3,2.7,3,2.8,78.6,2,2,3,2,2,0
295,12,Male,4.9,3,2.2,3,3.3,4,5.1,13.3,4,5,5,3,2,0
296,10,Male,6.2,3,0.6,3,3.8,3,7.4,40.0,5,3,4,2,3,0
297,9,Male,7.8,3,5.0,3,0.9,1,4.5,36.8,2,5,4,3,2,0
298,12,Male,8.4,5,0.9,1,1.8,2,2.5,49.6,4,1,4,1,1,0
299,10,Male,5.8,3,0.7,1,6.0,4,7.7,47.9,2,4,3,3,2,0
300,12,Female,5.4,2,4.7,3,0.8,1,4.3,16.8,1,5,3,5,4,1
301,9,Female,4.5,2,1.2,0,3.8,3,5.3,5.0,2,2,4,4,3,0
302,11,Female,8.3,3,3.9,3,2.3,3,8.2,9.0,1,5,2,2,3,0
303,11,Female,7.4,3,1.2,1,0.0,0,3.0,55.0,1,4,2,3,2,0
304,11,Male,9.9,4,0.6,1,5.2,4,7.0,30.2,5,4,4,1,3,0
305,9,Male,4.5,3,2.2,3,3.2,4,7.1,45.4,5,4,1,3,3,0
306,11,Female,6.3,3,1.3,2,4.6,4,6.7,43.3,3,4,1,2,3,0
307,10,Male,7.3,3,2.2,2,1.0,2,6.3,12.5,3,1,4,2,3,0
308,12,Female,7.2,3,2.5,1,1.1,1,3.3,21.3,4,3,1,3,1,0
309,9,Male,5.8,2,0.0,4,0.0,0,4.6,22.1,5,4,5,4,2,0
310,11,Female,9.1,4,1.0,3,0.0,0,5.4,6.4,3,3,3,2,2,0
311,9,Male,10.1,4,2.0,3,1.0,1,3.0,38.3,3,2,3,2,2,0
312,11,Female,5.9,3,3.2,2,0.8,1,5.0,16.5,3,2,3,3,2,0
313,11,Female,5.3,2,4.0,3,2.9,2,5.3,45.0,5,5,1,4,4,1
314,11,Male,7.3,2,0.0,4,1.1,1,6.6,26.4,1,2,1,4,3,0
315,11,Male,3.9,3,1.1,0,1.0,2,3.6,25.2,3,5,4,3,2,0
316,10,Female,3.6,2,2.0,1,0.8,1,4.4,13.3,5,2,3,4,3,0
317,10,Male,5.7,3,2.6,1,0.0,0,6.4,16.4,5,3,4,3,2,0
318,11,Female,7.1,4,1.3,2,1.9,2,1.8,5.0,4,5,1,2,2,0
319,10,Female,6.1,4,0.4,4,0.0,0,3.0,9.8,2,2,5,2,2,0
320,12,Male,4.6,2,1.8,3,0.0,0,5.8,5.0,4,5,1,4,4,1
321,11,Male,6.7,3,3.0,3,1.4,2,2.3,34.5,3,4,3,3,2,0
322,12,Female,8.6,3,4.2,1,0.0,0,5.9,29.7,3,4,4,3,2,0
323,9,Female,7.7,3,3.7,2,0.6,1,6.1,19.8,5,3,3,3,2,0
324,10,Male,6.2,3,0.0,2,1.8,2,5.6,51.1,2,4,4,3,4,1
325,12,Male,6.2,4,0.0,2,0.0,0,4.4,57.0,4,1,1,2,2,0
326,11,Male,8.1,4,1.9,4,1.1,2,5.3,53.1,5,3,4,1,2,0
327,10,Female,6.5,4,1.0,1,2.9,2,4.9,19.7,5,5,5,1,1,0
328,11,Male,8.6,4,0.5,2,3.0,2,3.2,20.0,5,2,5,1,1,0
329,10,Nonbinary,7.8,3,4.3,3,3.2,3,3.9,12.5,3,4,3,4,3,0
330,11,Female,10.1,4,2.7,3,1.8,2,3.7,18.4,4,5,2,2,1,0
331,11,Female,4.3,3,4.7,0,3.9,4,2.9,67.2,3,5,4,4,3,0
332,9,Male,5.8,2,4.7,2,0.0,0,5.7,8.0,1,5,2,4,3,0
333,10,Male,5.6,2,1.3,2,0.0,0,6.1,5.0,5,3,2,5,3,0
334,11,Female,6.9,4,0.0,0,2.3,3,6.2,5.0,1,4,3,2,2,0
335,11,Female,4.7,1,1.3,0,0.7,1,6.7,6.6,2,2,1,5,5,1
336,10,Female,9.0,4,0.6,3,0.8,1,5.1,5.0,4,5,1,2,2,0
337,12,Male,5.5,3,3.5,5,4.3,4,3.2,5.0,2,2,5,4,3,0
338,12,Male,8.5,3,2.2,5,2.8,2,5.7,71.0,2,5,4,3,2,0
339,9,Female,5.8,2,0.5,4,3.2,4,7.2,21.7,3,5,1,5,3,0
340,9,Male,5.6,3,3.2,3,1.2,1,4.9,68.0,3,2,3,3,2,0
341,11,Male,4.7,3,3.4,0,3.9,3,3.7,17.3,4,3,1,4,4,1
342,9,Female,9.1,4,3.2,2,0.8,1,4.5,45.6,4,3,2,1,2,0
343,12,Female,7.7,4,1.9,4,1.6,2,4.5,27.0,4,3,3,2,2,0
344,11,Female,7.5,3,1.9,0,4.8,4,6.6,5.0,4,3,3,2,3,0
345,12,Female,6.9,4,3.3,2,0.0,0,4.9,20.4,4,5,1,2,2,0
346,12,Nonbinary,4.1,2,0.0,5,0.0,0,3.5,8.4,4,2,2,5,3,0
347,9,Male,6.4,2,3.9,4,0.0,0,6.0,59.0,5,4,1,4,3,0
348,9,Male,4.5,2,2.4,4,0.0,0,4.0,51.5,3,2,1,5,4,1
349,11,Male,8.9,3,1.2,1,1.4,1,4.3,38.1,2,1,1,2,3,0
350,10,Male,6.8,4,0.5,0,0.5,1,4.3,36.4,4,2,5,2,2,0
351,10,Male,3.7,2,4.6,3,0.6,1,5.4,5.0,4,4,2,5,4,1
352,12,Male,6.3,3,1.6,2,1.4,1,8.8,35.5,3,2,2,3,2,0
353,10,Nonbinary,5.8,2,2.8,3,0.6,1,6.6,30.4,5,2,1,5,4,1
354,10,Female,6.2,4,1.4,2,0.0,0,3.4,29.7,3,5,3,1,2,0
355,10,Male,5.4,2,1.1,2,1.7,2,2.9,20.2,2,3,2,4,3,0
356,11,Male,6.3,3,2.8,4,1.0,1,4.6,23.2,1,4,2,2,2,0
357,12,Nonbinary,7.1,2,2.0,4,0.7,1,10.0,61.6,1,5,4,4,3,0
358,11,Male,8.2,4,2.6,1,2.7,4,3.3,45.9,2,5,4,1,2,0
359,9,Female,8.9,3,6.1,4,1.3,1,5.0,33.2,3,5,2,2,3,0
360,11,Female,3.3,3,2.8,0,0.0,0,5.9,54.8,4,2,2,3,3,0
361,10,Male,6.1,3,4.0,0,2.4,2,3.6,5.0,3,2,2,2,2,0
362,11,Male,8.2,4,4.2,1,0.0,0,2.8,19.3,3,5,1,2,2,0
363,12,Male,5.4,3,3.2,6,1.2,1,4.9,25.7,5,2,5,4,4,1
364,9,Male,10.6,4,3.4,0,0.0,0,4.5,42.4,4,2,3,1,2,0
365,12,Male,6.6,3,3.6,5,0.0,0,1.7,13.3,4,1,2,3,2,0
366,12,Female,7.7,4,0.0,3,0.0,0,3.8,33.2,3,4,4,2,2,0
367,11,Female,6.5,3,2.3,1,3.9,4,7.2,18.6,4,1,3,2,2,0
368,10,Male,5.6,3,2.1,3,3.6,4,3.3,31.2,2,4,1,4,3,0
369,11,Male,5.4,3,3.6,3,0.7,1,4.7,6.3,3,3,4,3,3,0
370,10,Male,7.7,3,3.6,4,1.9,3,5.1,5.0,4,4,3,4,3,0
371,9,Female,5.0,2,4.6,2,1.2,1,5.8,8.1,5,5,1,5,3,0
372,9,Male,7.8,3,0.0,1,3.7,4,6.3,31.4,2,4,4,3,2,0
373,12,Male,7.9,3,1.5,2,0.9,1,6.1,29.4,1,4,2,3,3,0
374,12,Female,7.3,3,0.9,1,3.0,3,6.1,5.0,2,3,4,3,2,0
375,12,Male,6.8,3,1.4,6,2.5,4,3.3,68.6,4,1,1,4,3,0
376,12,Male,7.8,3,1.7,4,4.1,4,5.3,14.8,5,1,1,2,2,0
377,9,Female,5.9,2,4.9,1,1.0,1,3.8,30.6,2,1,4,5,3,0
378,11,Female,5.2,3,1.2,3,2.7,2,4.5,24.2,5,2,5,2,2,0
379,10,Nonbinary,7.3,3,0.0,0,4.0,3,7.1,32.8,2,5,3,2,2,0
380,9,Male,5.8,3,2.2,1,0.0,0,3.1,48.6,2,5,3,4,3,0
381,11,Female,6.8,3,1.4,4,1.4,1,5.8,33.6,4,4,1,3,3,0
382,11,Female,6.6,4,3.0,1,1.0,1,3.1,26.7,4,3,4,2,3,0
383,9,Female,6.9,4,0.7,2,2.5,4,4.5,27.9,5,4,5,1,1,0
384,9,Female,5.7,2,0.7,3,1.3,2,8.4,57.3,2,5,2,4,3,0
385,9,Male,5.1,3,3.5,2,0.5,1,6.1,34.0,5,5,3,3,2,0
386,12,Female,6.0,3,1.9,5,3.4,3,4.7,16.5,1,5,5,3,2,0
387,12,Male,5.4,1,1.2,5,3.2,4,9.2,45.0,1,2,1,5,4,1
388,11,Female,6.8,4,0.9,3,0.0,0,5.6,51.4,4,2,1,2,2,0
389,9,Male,6.9,3,3.8,3,1.1,1,5.7,30.1,5,3,4,2,2,0
390,10,Female,7.5,3,3.1,1,1.7,3,6.6,40.5,5,4,4,2,2,0
391,11,Male,7.0,3,2.1,4,1.6,2,6.0,5.0,2,4,4,4,3,0
392,12,Male,6.0,3,1.7,6,0.8,1,1.0,8.7,3,4,3,5,3,0
393,12,Female,6.8,4,2.0,3,2.6,2,5.1,5.0,1,5,1,2,3,0
394,12,Male,7.5,3,2.5,2,5.8,4,6.8,5.0,4,4,1,3,3,0
395,10,Male,5.8,3,2.2,4,2.4,3,5.3,6.5,5,2,5,3,3,0
396,10,Male,6.6,3,1.6,4,1.4,1,7.3,23.6,2,2,3,3,3,0
397,10,Male,8.6,3,5.5,3,2.2,4,6.8,75.6,1,5,4,2,2,0
398,10,Male,6.6,3,3.1,2,1.0,2,3.3,28.3,1,4,1,3,3,0
399,12,Female,8.6,4,1.4,2,1.0,2,3.9,15.6,4,2,3,1,2,0
400,12,Male,9.0,4,2.4,2,1.8,3,6.6,17.0,3,1,3,1,2,0
401,11,Female,9.9,5,1.8,3,2.0,3,5.3,48.5,4,5,4,1,1,0
402,11,Male,7.4,3,2.8,1,4.4,3,5.2,74.2,2,2,2,2,2,0
403,12,Male,6.9,4,2.5,6,1.4,2,0.2,25.0,4,2,5,3,1,0
404,9,Female,6.7,3,0.2,1,1.8,3,7.4,63.0,1,4,3,3,2,0
405,9,Male,7.4,4,0.8,3,0.0,0,4.9,12.1,4,5,3,2,1,0
406,9,Female,7.7,4,1.7,2,0.9,1,3.8,52.8,3,3,3,1,3,0
407,10,Male,9.7,4,5.2,4,1.1,1,1.4,32.9,2,3,3,2,1,0
408,12,Male,6.3,4,2.7,2,0.0,0,4.1,35.1,5,3,2,2,2,0
409,10,Male,9.4,4,3.7,4,1.1,1,5.0,17.7,5,5,3,1,2,0
410,9,Female,4.3,3,3.2,2,1.4,1,4.0,27.3,5,1,3,3,3,0
411,9,Female,4.9,2,0.6,1,2.5,4,7.1,41.2,5,4,2,5,3,0
412,11,Female,7.7,3,0.6,2,5.7,4,4.5,45.3,1,2,3,4,3,0
413,12,Nonbinary,9.0,3,3.0,1,1.9,2,7.6,12.6,3,3,2,2,2,0
414,10,Male,8.3,4,0.0,4,0.8,1,2.9,42.8,4,5,1,1,1,0
415,12,Female,7.9,3,0.9,3,2.5,4,6.5,52.0,3,1,5,2,2,0
416,12,Nonbinary,5.9,2,2.5,4,0.7,1,7.2,15.3,3,1,3,4,2,0
417,11,Male,8.1,4,6.2,1,0.0,0,2.3,36.5,1,2,2,2,2,0
418,9,Male,7.5,3,1.6,4,1.8,3,5.2,51.9,5,1,1,3,2,0
419,10,Male,8.1,2,4.8,4,0.7,1,7.8,40.4,4,1,3,4,3,0
420,12,Female,8.6,5,1.3,2,5.3,4,5.0,44.1,5,2,5,1,1,0
421,12,Male,8.0,3,3.8,1,0.0,0,5.9,5.0,5,1,3,2,2,0
422,9,Female,7.8,3,1.6,3,4.2,3,5.8,18.2,3,1,3,2,2,0
423,11,Female,5.8,2,0.0,1,1.6,2,7.2,6.1,1,2,2,4,2,0
424,12,Male,7.6,2,2.9,5,1.2,1,6.4,14.5,4,5,1,4,3,0
425,12,Male,7.8,3,1.0,4,2.5,2,10.4,30.7,5,5,4,2,2,0
426,11,Female,8.6,3,4.2,4,1.0,1,7.4,5.0,4,3,1,3,2,0
427,9,Male,9.9,4,1.8,2,2.3,3,4.3,23.0,1,3,3,1,1,0
428,11,Male,8.1,4,1.6,0,1.4,1,1.4,20.4,2,3,1,1,3,0
429,12,Male,5.0,2,3.5,5,0.6,1,2.8,50.9,4,3,3,5,4,1
430,9,Male,4.6,3,3.2,1,0.0,0,4.5,59.0,5,4,1,4,3,0
431,9,Nonbinary,6.1,4,3.7,0,2.4,4,4.4,18.3,2,2,3,1,1,0
432,9,Nonbinary,9.7,4,3.7,4,0.0,0,3.9,26.6,4,2,2,2,1,0
433,9,Female,7.0,3,2.8,2,2.1,4,8.3,9.7,1,5,3,2,3,0
434,12,Female,6.6,3,2.2,2,1.8,3,5.7,5.0,4,5,3,2,2,0
435,9,Female,7.9,4,0.7,2,1.0,2,3.3,55.7,2,3,3,2,2,0
436,10,Female,7.0,3,1.9,1,2.6,3,8.3,23.9,2,4,5,2,3,0
437,10,Female,6.1,3,0.3,1,6.0,4,8.9,28.8,2,1,1,3,3,0
438,12,Male,7.2,2,4.9,5,0.0,0,6.3,74.3,5,2,2,5,4,1
439,11,Male,5.8,2,1.1,4,1.1,2,4.5,72.1,4,2,1,4,3,0
440,10,Female,7.6,3,3.9,0,1.2,2,2.5,5.0,1,4,4,3,3,0
441,11,Female,8.5,3,0.7,2,4.5,3,8.1,14.2,2,5,3,2,2,0
442,9,Female,7.2,3,2.1,2,0.8,1,3.4,36.2,2,3,2,3,2,0
443,12,Female,6.9,3,1.7,4,0.0,0,5.1,30.5,2,4,3,3,3,0
444,9,Female,7.8,3,3.7,2,2.2,4,4.1,16.4,1,2,1,4,2,0
445,12,Female,4.4,3,2.7,2,3.1,3,5.0,18.9,5,4,5,3,2,0
446,11,Female,6.3,4,2.4,0,0.0,0,2.6,15.0,5,3,4,1,1,0
447,11,Female,4.6,2,3.4,4,0.0,0,6.1,33.5,2,4,4,5,3,0
448,10,Male,8.2,4,2.6,3,0.0,0,4.7,53.7,2,5,4,1,1,0
449,9,Female,8.2,4,2.9,3,1.3,2,3.1,50.5,2,5,5,1,1,0
450,12,Female,5.5,2,2.5,6,2.6,2,6.3,23.2,5,2,1,5,4,1
451,10,Female,4.7,2,2.4,3,0.0,0,5.8,59.1,2,5,3,4,3,0
452,10,Male,6.2,3,2.3,1,2.4,3,4.9,5.0,5,2,3,2,2,0
453,9,Male,5.9,2,4.6,0,0.0,0,6.3,21.6,5,2,5,4,3,0
454,12,Male,7.6,3,4.2,6,0.0,0,3.1,61.5,4,2,5,4,3,0
455,10,Male,2.4,3,0.4,3,1.8,2,4.2,32.7,3,1,4,3,2,0
456,11,Female,7.5,4,2.2,2,0.8,1,5.6,16.9,4,4,4,1,1,0
457,12,Female,7.6,3,1.7,2,0.5,1,5.0,36.8,2,3,1,4,3,0
458,11,Male,7.9,4,3.1,4,4.3,3,3.6,28.5,2,5,5,2,1,0
459,10,Nonbinary,7.2,3,7.1,2,2.0,3,4.0,57.2,5,2,2,3,3,0
460,10,Male,9.7,5,1.6,2,1.3,2,2.2,10.9,5,2,3,1,1,0
461,12,Male,7.2,3,0.0,4,0.8,1,6.0,33.1,2,2,4,2,2,0
462,9,Male,6.0,3,1.5,0,0.7,1,7.4,42.9,2,1,5,2,3,0
463,9,Male,7.4,4,1.7,3,4.2,4,3.4,56.5,2,2,4,2,2,0
464,10,Male,5.5,3,3.5,1,1.2,1,2.8,21.6,1,3,2,4,3,0
465,9,Male,8.4,4,1.0,1,3.1,3,5.3,5.9,4,5,3,1,1,0
466,9,Female,7.8,3,4.3,2,1.6,2,5.0,74.1,5,3,2,2,3,0
467,11,Male,8.5,4,3.2,2,1.1,2,4.2,20.9,4,1,5,1,1,0
468,9,Male,5.6,2,4.1,1,2.4,2,2.8,34.7,3,3,1,5,3,0
469,11,Male,8.8,3,5.1,4,0.0,0,1.7,27.5,1,5,5,3,4,1
470,9,Female,8.5,4,3.4,0,1.2,1,11.0,16.9,1,3,3,1,2,0
471,9,Female,8.1,4,3.7,0,4.2,3,11.2,13.0,4,3,5,1,2,0
472,12,Female,9.1,4,4.0,2,6.0,4,4.5,5.0,4,3,2,2,1,0
473,12,Female,5.5,2,5.8,3,2.6,3,3.7,44.0,1,4,2,4,3,0
474,12,Female,8.9,4,3.3,2,2.7,4,6.5,24.9,3,1,3,1,1,0
475,11,Female,5.7,2,1.2,0,3.8,3,6.9,32.7,1,2,4,4,3,0
476,10,Male,4.3,2,3.7,2,4.3,4,5.9,50.8,1,3,5,4,3,0
477,9,Male,6.6,3,3.5,0,1.3,1,4.6,23.2,2,4,3,2,2,0
478,11,Male,5.7,2,4.7,0,0.7,1,3.6,60.9,3,2,1,5,4,1
479,11,Female,4.4,2,2.6,1,1.5,1,5.4,21.5,1,3,4,4,2,0
480,12,Male,5.9,2,5.1,5,0.0,0,2.2,46.1,4,1,3,5,4,1
481,9,Female,8.1,4,3.2,2,0.0,0,7.4,51.2,2,4,5,1,2,0
482,11,Female,10.3,4,4.5,2,1.0,1,2.1,5.0,3,1,1,2,3,0
483,10,Male,6.6,4,3.5,0,1.3,1,4.9,16.3,1,4,3,2,2,0
484,12,Female,8.0,4,2.7,2,1.3,1,4.3,33.7,5,5,2,1,1,0
485,11,Female,7.9,3,3.4,4,3.7,3,4.9,35.5,5,5,2,3,2,0
486,10,Male,6.6,3,2.5,1,2.2,2,3.6,34.9,1,1,5,3,2,0
487,12,Female,5.3,2,3.8,1,4.3,4,6.5,46.7,4,3,2,4,4,1
488,11,Female,6.5,3,1.1,3,4.0,3,8.3,54.5,5,5,5,2,1,0
489,11,Male,7.7,4,2.3,2,0.0,0,2.9,18.5,2,4,2,2,1,0
490,10,Male,9.6,4,1.6,2,2.7,2,6.1,36.1,3,4,4,2,2,0
491,10,Female,3.1,2,3.6,3,2.4,3,9.1,18.6,3,2,1,4,4,1
492,9,Male,6.2,3,2.5,4,2.1,2,8.6,42.0,4,4,2,3,3,0
493,11,Female,5.4,3,3.0,1,0.0,0,4.5,71.4,5,1,2,3,3,0
494,12,Female,6.5,3,3.3,6,4.2,3,4.4,10.7,1,2,2,3,2,0
495,9,Male,5.8,4,1.9,1,0.0,0,2.7,15.2,5,4,5,2,2,0
496,10,Female,7.6,3,1.7,4,1.1,2,7.2,37.0,5,5,2,3,3,0
497,9,Female,3.4,2,4.1,2,3.9,3,6.4,6.8,2,4,2,5,4,1
498,11,Female,9.0,4,1.7,1,0.0,0,7.2,51.8,4,3,1,1,1,0
499,12,Male,5.8,3,2.5,3,1.4,1,3.5,5.0,1,3,5,3,3,0
500,12,Female,7.3,3,1.8,5,0.0,0,5.2,29.4,4,4,2,2,2,0
501,9,Female,5.7,2,2.3,0,0.6,1,6.1,49.4,4,3,1,4,3,0
502,12,Male,8.0,4,3.0,1,2.8,3,3.8,9.9,1,2,1,2,2,0
503,9,Male,8.4,5,3.2,1,1.8,3,3.7,23.9,4,4,4,1,1,0
504,11,Male,6.2,3,0.0,0,2.3,3,4.5,5.0,4,2,1,2,3,0
505,10,Male,7.5,4,1.2,4,1.3,2,3.7,12.8,2,5,3,2,1,0
506,11,Female,9.1,3,4.4,1,2.4,4,5.5,30.8,1,3,4,2,3,0
507,9,Female,7.2,3,3.3,1,2.5,2,6.3,41.1,2,2,2,3,2,0
508,12,Male,7.1,3,4.1,5,1.4,1,4.3,5.7,2,3,3,4,4,1
509,11,Female,8.4,4,0.0,1,3.0,3,6.7,33.5,4,2,1,1,2,0
510,9,Female,9.4,4,4.6,0,2.6,2,2.2,12.8,2,1,4,2,1,0
511,9,Female,7.0,3,2.8,1,1.9,2,6.2,15.5,2,2,4,2,2,0
512,12,Male,5.8,2,4.3,3,0.0,0,4.9,9.9,2,4,2,4,3,0
513,9,Female,4.4,1,3.8,2,2.5,2,10.5,38.4,1,4,1,5,4,1
514,12,Male,8.8,4,4.8,5,4.2,3,2.5,70.3,4,3,5,2,2,0
515,10,Male,8.0,4,2.7,1,1.1,2,5.8,73.2,1,5,5,2,2,0
516,10,Male,5.9,2,2.9,4,1.7,3,5.6,16.6,1,1,5,5,4,1
517,12,Male,8.5,4,0.9,1,2.0,2,4.8,65.9,1,3,4,1,1,0
518,9,Female,8.5,4,0.7,3,1.1,1,7.8,22.0,1,4,3,1,1,0
519,10,Male,7.2,3,1.2,0,1.0,1,9.1,56.5,5,5,1,2,2,0
520,12,Female,8.8,2,0.9,5,0.0,0,7.7,40.1,2,1,1,4,4,1
521,10,Male,5.9,2,3.6,1,1.2,1,3.7,17.7,3,5,1,4,3,0
522,11,Male,7.5,3,3.7,4,2.5,2,5.9,45.2,4,1,4,3,2,0
523,10,Female,7.9,3,1.9,1,0.0,0,1.9,30.1,1,1,1,3,3,0
524,11,Female,6.9,3,0.0,1,0.0,0,1.3,23.4,1,2,2,4,3,0
525,10,Male,5.8,2,0.9,1,2.8,2,9.2,5.0,1,4,4,4,3,0
526,10,Male,7.0,3,2.0,2,4.6,4,1.3,29.9,3,2,1,4,3,0
527,12,Male,6.9,3,3.9,2,2.1,3,4.6,20.3,4,2,4,3,3,0
528,11,Female,4.0,3,2.2,2,4.1,4,4.5,35.4,4,4,1,3,2,0
529,10,Female,5.8,3,0.6,1,1.0,1,5.3,28.3,2,3,1,4,3,0
530,11,Male,8.1,4,2.6,0,2.3,2,3.8,50.9,5,5,1,1,1,0
531,9,Male,7.5,3,0.0,3,0.0,0,7.5,31.9,2,2,2,3,3,0
532,11,Male,8.4,4,4.2,3,0.7,1,4.7,51.9,5,3,4,1,1,0
533,10,Male,7.2,3,0.0,4,0.0,0,5.6,10.7,5,5,3,2,1,0
534,12,Female,8.1,4,0.0,3,1.2,2,5.1,33.0,2,1,5,1,1,0
535,10,Male,4.4,3,3.7,1,0.0,0,4.5,57.1,5,3,4,3,2,0
536,9,Male,9.1,3,2.5,3,2.1,2,2.6,30.5,1,1,4,3,2,0
537,12,Male,7.7,3,3.4,3,0.0,0,5.1,21.5,2,3,1,2,2,0
538,11,Male,6.9,3,1.7,1,0.0,0,9.7,85.3,4,2,3,3,2,0
539,9,Male,8.8,4,2.8,2,0.0,0,4.6,42.7,2,5,5,1,1,0
540,12,Male,8.6,3,1.3,5,1.8,2,7.3,32.0,2,5,2,2,2,0
541,9,Male,6.4,3,2.8,0,0.0,0,6.4,23.3,3,4,1,3,3,0
542,12,Female,7.2,2,3.4,4,0.0,0,5.2,35.8,1,2,2,5,4,1
543,10,Nonbinary,7.8,3,1.2,0,1.7,3,7.4,5.0,2,3,3,2,3,0
544,9,Nonbinary,6.0,3,2.9,3,5.9,4,1.2,34.1,2,1,1,4,2,0
545,10,Female,8.0,5,3.0,0,2.9,2,3.3,5.0,5,5,5,1,1,0
546,11,Female,5.1,2,1.2,0,2.5,4,8.2,35.9,3,1,5,4,3,0
547,10,Male,11.6,4,3.3,1,0.0,0,4.5,17.0,2,4,1,2,1,0
548,9,Female,9.4,4,2.3,2,2.4,4,5.3,14.4,3,2,2,1,2,0
549,11,Male,7.1,3,4.8,0,1.9,2,3.4,5.0,2,5,2,3,2,0
550,9,Nonbinary,8.8,4,0.0,4,3.7,3,3.8,48.6,3,1,3,1,1,0
551,9,Male,11.0,4,0.7,0,0.0,0,5.3,102.0,4,5,4,1,1,0
552,11,Female,7.2,4,1.6,1,2.8,4,3.1,5.0,4,5,4,1,1,0
553,9,Male,8.9,3,2.0,4,0.7,1,7.5,5.0,4,1,3,2,3,0
554,9,Male,7.1,3,2.7,0,1.1,1,5.2,45.7,3,5,1,3,2,0
555,9,Female,4.5,2,4.0,3,1.8,2,4.1,35.5,5,3,1,4,4,1
556,9,Female,8.6,3,2.8,3,2.2,2,7.1,5.0,1,1,5,2,2,0
557,9,Female,8.2,4,2.7,4,1.2,2,5.9,7.5,4,2,1,1,1,0
558,10,Female,2.7,2,2.4,2,5.2,4,6.0,42.9,5,5,4,4,2,0
559,11,Female,8.0,4,0.0,1,0.0,0,5.2,12.8,4,5,5,2,2,0
560,10,Male,7.6,3,0.0,2,0.9,1,5.2,44.6,3,2,1,3,2,0
561,10,Male,8.7,4,2.3,4,4.0,3,4.2,6.7,5,1,1,2,2,0
562,9,Male,7.0,4,3.7,3,1.2,2,3.6,32.0,2,2,4,2,3,0
563,10,Female,4.7,2,4.4,2,2.5,4,5.5,35.8,1,5,4,5,4,1
564,10,Female,6.3,3,3.8,3,2.9,2,7.9,14.7,3,3,4,2,3,0
565,11,Female,6.9,2,0.5,4,2.2,2,8.8,19.0,4,1,5,4,3,0
566,9,Nonbinary,7.5,3,3.3,4,0.0,0,3.0,16.7,5,1,1,4,3,0
567,9,Female,4.8,3,0.0,0,5.9,4,3.8,19.0,1,5,5,3,2,0
568,10,Female,6.3,4,2.0,1,0.6,1,3.0,5.0,3,4,5,2,2,0
569,12,Female,6.8,4,1.7,2,3.3,4,4.4,33.1,2,5,5,1,2,0
570,9,Female,8.9,3,3.6,1,5.6,4,7.1,19.6,3,5,3,2,2,0
571,9,Female,7.3,3,3.6,4,0.0,0,4.6,39.8,1,3,5,3,3,0
572,10,Female,7.6,3,2.7,2,1.0,1,7.0,76.4,2,2,1,3,3,0
573,10,Male,8.1,3,0.8,0,2.3,4,6.7,8.1,1,3,3,2,2,0
574,11,Male,7.2,3,4.5,3,6.0,4,2.9,18.0,5,3,4,3,3,0
575,9,Male,6.0,3,3.4,4,2.4,2,1.2,5.0,2,5,5,3,3,0
576,12,Male,7.5,3,2.9,3,2.1,2,5.8,44.1,4,3,1,3,3,0
577,9,Female,7.3,4,3.3,2,1.1,1,3.5,15.5,1,4,4,2,2,0
578,12,Female,5.4,2,3.7,1,1.4,1,10.4,49.0,4,5,3,3,3,0
579,11,Male,5.8,2,2.5,4,0.0,0,4.5,66.3,5,2,3,4,3,0
580,11,Male,7.0,3,2.3,4,4.7,4,0.7,22.7,3,3,5,3,2,0
581,11,Female,6.3,3,1.4,4,2.2,3,3.8,23.1,2,4,3,3,2,0
582,11,Male,6.4,4,3.8,0,0.9,1,1.1,44.2,2,5,3,3,1,0
583,9,Male,5.0,2,5.9,0,0.0,0,4.2,11.2,2,5,3,5,4,1
584,12,Male,5.8,3,3.6,5,2.0,2,2.4,45.9,2,2,5,4,3,0
585,10,Male,7.1,3,0.0,3,0.9,1,4.5,5.0,4,1,2,3,4,1
586,11,Male,9.8,5,2.7,1,1.2,2,4.2,19.9,4,3,5,1,1,0
587,10,Male,5.4,2,4.6,3,4.0,4,4.4,30.3,4,5,1,4,3,0
588,10,Male,4.3,2,3.6,3,0.0,0,6.4,54.1,1,4,3,4,4,1
589,10,Female,9.1,3,0.5,4,1.8,3,6.1,5.0,4,4,3,2,2,0
590,9,Female,4.8,3,4.3,3,0.0,0,3.2,22.3,5,5,5,3,1,0
591,10,Female,5.5,2,4.6,2,3.4,4,4.3,45.5,3,2,3,5,4,1
592,11,Male,5.8,2,4.9,2,0.7,1,6.8,30.7,3,5,3,4,4,1
593,9,Female,8.2,3,1.1,4,2.4,2,6.8,42.8,4,2,5,2,2,0
594,12,Female,9.2,3,3.5,4,1.1,1,2.6,25.6,2,2,3,3,2,0
595,12,Male,8.4,3,0.0,4,1.2,1,7.3,49.6,3,2,1,3,3,0
596,10,Female,7.7,3,1.3,1,4.2,3,1.8,6.9,2,3,4,3,4,1
597,11,Male,4.7,2,3.0,4,1.5,2,7.8,35.5,2,3,4,5,4,1
598,12,Female,6.0,3,1.8,5,1.9,2,5.5,36.8,4,3,1,3,2,0
599,12,Female,6.0,3,3.2,4,2.3,3,7.5,8.0,3,5,5,2,2,0
600,9,Male,6.2,2,1.5,1,3.3,4,5.8,34.9,1,2,2,4,4,1
601,12,Female,8.9,4,3.2,5,2.9,2,3.8,36.0,2,4,5,1,2,0
602,12,Female,4.9,3,0.5,2,2.6,2,4.5,38.8,4,1,3,4,3,0
603,9,Female,8.3,4,0.0,2,1.2,1,6.5,29.9,4,3,2,1,1,0
604,9,Female,8.2,3,0.3,2,0.0,0,6.8,83.7,5,3,2,2,2,0
605,11,Male,6.4,3,3.9,4,1.6,2,5.6,5.0,2,5,2,3,2,0
606,11,Female,6.9,3,1.5,2,0.0,0,4.3,19.0,2,5,4,2,2,0
607,11,Male,9.0,4,1.6,2,3.0,2,4.1,5.0,1,4,4,1,1,0
608,10,Female,9.1,3,1.3,2,1.1,2,3.1,14.7,1,1,3,3,2,0
609,9,Female,3.6,3,2.1,4,0.7,1,5.7,49.4,1,5,5,4,3,0
610,11,Male,9.7,4,1.8,0,0.0,0,7.8,35.8,2,2,4,1,2,0
611,10,Male,7.5,2,1.8,4,1.7,2,5.3,38.3,2,3,1,4,3,0
612,11,Female,6.5,4,0.4,0,4.4,4,4.5,54.9,5,3,5,1,2,0
613,10,Female,9.1,4,2.3,3,4.4,3,2.7,20.7,2,2,4,1,1,0
614,9,Female,5.8,3,2.4,3,1.0,2,6.9,61.0,4,4,5,3,3,0
615,10,Male,7.2,3,5.0,2,0.0,0,3.6,32.9,1,2,5,3,3,0
616,12,Male,7.9,3,3.5,4,5.9,4,5.6,30.9,2,4,4,3,2,0
617,12,Female,7.1,2,5.4,6,0.0,0,5.3,5.0,3,3,3,4,2,0
618,10,Male,8.8,4,4.8,2,0.0,0,1.9,37.9,4,3,4,2,2,0
619,9,Male,6.8,3,3.5,4,4.3,4,7.2,58.0,5,4,3,3,3,0
620,11,Male,4.6,3,2.4,3,0.0,0,6.0,35.1,1,4,3,4,2,0
621,9,Male,6.6,3,2.1,4,3.8,3,5.5,5.0,1,4,1,4,3,0
622,9,Male,7.4,3,1.6,2,0.9,1,7.9,5.1,2,3,3,2,2,0
623,10,Male,6.0,3,2.9,3,2.5,3,5.3,54.8,1,4,3,3,2,0
624,10,Female,8.5,5,0.9,4,4.2,4,2.1,31.2,5,4,5,1,1,0
625,10,Male,5.4,2,4.8,2,3.9,4,4.7,38.2,4,2,3,5,3,0
626,11,Male,8.3,4,0.0,3,3.8,4,5.0,41.9,3,4,3,2,1,0
627,10,Male,7.9,3,3.5,0,1.9,2,8.6,51.7,1,1,2,3,3,0
628,10,Nonbinary,6.8,4,3.2,2,3.0,4,4.4,48.8,3,3,1,1,2,0
629,11,Female,6.5,4,1.0,3,2.1,4,2.8,29.5,5,5,1,2,1,0
630,12,Male,6.2,3,2.4,3,2.5,3,6.4,15.4,5,1,1,3,2,0
631,10,Male,8.2,3,1.2,1,2.4,2,5.4,18.2,2,5,4,2,2,0
632,12,Male,8.2,4,2.1,3,0.0,0,2.7,58.7,5,5,1,1,1,0
633,11,Male,8.6,4,5.1,2,3.0,3,4.8,47.2,4,4,5,1,2,0
634,10,Male,5.9,3,2.8,3,1.5,2,4.1,35.8,1,5,4,3,3,0
635,12,Female,8.2,4,2.3,2,0.0,0,5.2,48.4,4,2,3,1,2,0
636,10,Male,5.1,3,1.2,3,0.0,0,4.0,71.3,2,1,1,4,3,0
637,12,Male,8.2,3,2.9,5,0.0,0,4.6,63.3,1,3,2,2,3,0
638,12,Female,7.0,3,2.2,3,0.0,0,9.6,54.0,1,5,5,2,2,0
639,9,Female,8.0,4,4.0,1,2.1,4,4.2,7.4,5,3,3,1,2,0
640,11,Female,7.1,3,0.2,4,2.3,3,2.4,39.2,1,1,2,4,3,0
641,11,Male,8.8,3,2.5,1,0.9,1,6.4,41.4,4,4,2,2,1,0
642,9,Female,4.8,1,5.3,4,1.3,1,9.0,89.2,4,2,2,5,5,1
643,9,Male,10.9,3,2.0,3,5.2,4,5.0,8.5,3,1,2,2,1,0
644,9,Male,8.2,4,0.5,0,1.5,3,4.4,18.1,4,2,1,1,1,0
645,12,Male,3.9,2,4.4,2,3.0,3,3.9,41.2,3,3,5,5,3,0
646,11,Male,8.3,3,2.9,4,0.0,0,8.9,49.8,5,2,4,2,2,0
647,11,Male,6.1,3,1.3,1,2.7,3,2.6,18.9,4,2,1,3,2,0
648,10,Male,5.5,2,1.3,4,1.1,2,3.1,34.6,1,4,4,5,3,0
649,9,Male,6.4,3,0.9,4,2.3,3,6.1,17.2,4,2,3,3,3,0
650,9,Male,7.9,4,1.4,2,3.1,3,3.9,44.7,5,2,5,1,1,0
651,10,Male,6.4,3,3.7,4,1.2,1,6.6,68.1,5,3,2,3,3,0
652,10,Male,5.9,3,0.8,0,1.0,1,5.0,33.4,3,4,4,3,2,0
653,12,Male,7.2,3,3.2,4,3.5,3,2.0,11.4,4,4,5,3,2,0
654,10,Male,8.6,4,3.9,1,1.8,2,2.1,10.0,5,1,5,1,1,0
655,11,Female,11.0,3,4.2,4,0.0,0,5.2,34.6,4,2,5,4,3,0
656,10,Male,7.8,4,3.7,0,0.0,0,4.9,27.8,5,3,4,1,1,0
657,9,Female,7.9,4,3.7,2,3.4,3,6.0,40.5,2,3,5,2,2,0
658,12,Female,6.7,2,1.8,6,0.0,0,5.8,49.9,1,1,1,4,3,0
659,11,Female,5.4,3,2.1,1,3.0,2,7.2,20.0,4,4,1,3,2,0
660,12,Female,7.0,4,1.8,4,2.6,3,3.2,35.8,3,5,4,1,1,0
661,11,Female,6.5,3,2.4,0,5.3,4,5.8,12.9,1,5,3,2,2,0
662,11,Female,8.5,4,4.0,2,2.8,3,4.2,5.0,2,2,4,1,1,0
663,10,Male,8.1,4,3.2,4,1.1,1,4.2,5.0,5,5,4,2,2,0
664,9,Male,6.4,4,3.4,2,0.0,0,3.8,49.7,5,1,1,1,2,0
665,11,Female,4.7,3,2.3,0,2.5,3,6.3,14.2,5,4,5,4,3,0
666,11,Female,8.9,4,2.3,1,4.4,4,6.1,42.2,1,5,3,2,3,0
667,11,Male,8.5,4,3.7,1,0.0,0,1.0,8.2,1,4,1,3,4,1
668,10,Male,6.9,4,2.3,2,0.0,0,4.6,24.8,3,2,3,1,2,0
669,11,Male,7.0,2,1.8,4,0.8,1,7.2,53.3,2,3,1,5,4,1
670,10,Female,6.4,3,4.6,0,5.9,4,6.9,28.3,2,4,1,3,3,0
671,11,Female,9.0,5,1.7,0,5.4,4,5.1,31.2,3,5,4,1,1,0
672,12,Male,7.8,3,3.4,2,2.0,2,4.6,43.7,3,3,2,3,3,0
673,11,Male,6.4,3,4.3,1,2.6,4,0.9,14.5,5,5,4,3,3,0
674,10,Male,5.0,2,2.3,4,0.0,0,8.8,32.6,1,3,4,5,4,1
675,9,Male,6.2,4,2.1,3,1.0,1,2.8,5.0,3,1,3,2,3,0
676,12,Female,6.1,2,1.9,6,0.0,0,9.2,37.8,3,2,3,4,3,0
677,9,Female,8.7,3,3.3,2,1.0,1,7.3,5.0,5,3,2,2,2,0
678,11,Male,8.1,3,0.9,0,3.6,4,5.9,7.6,2,1,2,3,3,0
679,10,Male,9.5,4,3.7,1,1.7,2,7.2,26.1,1,4,3,1,2,0
680,9,Male,7.4,3,1.1,4,3.8,3,3.0,17.6,1,5,4,2,2,0
681,12,Female,7.0,4,1.1,2,1.0,1,4.8,25.5,3,5,5,1,1,0
682,11,Female,8.9,5,2.4,3,2.0,3,2.1,18.3,1,2,4,1,2,0
683,12,Male,10.0,4,3.1,6,0.0,0,5.0,57.2,3,3,3,1,2,0
684,12,Female,4.0,2,6.1,5,2.9,2,6.7,19.2,4,3,4,5,4,1
685,9,Female,6.3,4,0.3,2,3.7,4,5.8,53.2,2,5,3,1,1,0
686,9,Male,7.1,4,1.3,0,1.1,2,3.8,15.7,4,4,5,1,2,0
687,9,Male,6.3,3,3.2,2,1.1,1,5.7,5.0,1,3,3,2,3,0
688,10,Male,7.1,3,3.7,4,0.0,0,7.3,56.2,1,4,5,3,3,0
689,12,Female,7.6,3,1.5,5,5.9,4,7.0,76.6,2,1,5,3,3,0
690,11,Male,6.0,3,2.6,0,3.9,3,3.3,63.5,5,3,3,2,2,0
691,9,Male,5.9,3,0.6,2,0.0,0,6.0,13.6,4,5,3,3,2,0
692,11,Female,8.8,4,2.2,1,3.7,4,5.6,17.7,3,1,3,1,1,0
693,12,Female,6.5,2,1.3,5,4.4,3,8.0,60.0,2,3,4,4,3,0
694,10,Male,7.5,3,0.3,0,0.0,0,6.2,42.6,3,3,2,3,2,0
695,10,Female,10.9,4,3.4,1,1.2,2,5.8,14.5,1,5,4,2,2,0
696,11,Male,8.1,3,3.0,4,1.7,3,6.9,42.2,2,4,3,3,3,0
697,9,Male,8.2,3,3.3,1,5.8,4,8.0,50.8,5,1,3,2,1,0
698,12,Female,8.3,3,0.9,4,1.6,2,5.2,24.8,4,1,2,3,2,0
699,11,Male,6.6,4,2.3,4,4.4,4,5.2,22.9,5,5,2,2,1,0
700,12,Female,9.3,4,1.8,3,0.8,1,6.6,40.2,4,3,1,2,1,0
701,11,Male,6.8,3,4.8,3,2.2,4,2.7,14.0,1,2,2,4,3,0
702,10,Female,5.3,2,1.9,3,3.0,4,4.4,5.3,1,5,3,4,4,1
703,11,Male,6.9,2,0.0,4,0.0,0,8.5,33.9,3,5,3,4,3,0
704,11,Female,6.0,4,2.9,0,1.8,3,4.1,37.2,4,4,5,2,2,0
705,11,Female,10.4,5,2.6,1,0.0,0,3.6,37.5,5,4,3,1,1,0
706,11,Female,7.1,4,0.5,1,0.0,0,4.7,42.2,4,2,5,2,2,0
707,11,Male,8.5,4,2.2,2,1.8,2,4.8,41.8,3,3,1,1,2,0
708,9,Male,9.5,4,1.1,3,2.0,3,3.6,42.2,4,5,2,1,1,0
709,9,Female,8.2,4,4.1,1,3.0,3,7.7,39.4,5,2,5,1,1,0
710,11,Female,7.7,3,2.1,3,0.0,0,4.9,21.8,2,1,3,2,2,0
711,11,Male,5.8,2,1.5,4,1.3,2,6.0,20.5,5,5,2,4,3,0
712,11,Male,6.8,3,4.3,1,0.9,1,6.4,5.7,5,2,5,3,2,0
713,10,Male,6.1,2,2.7,4,0.5,1,6.0,22.6,4,2,2,4,3,0
714,10,Male,8.7,4,4.0,1,0.0,0,2.9,58.9,4,5,3,1,1,0
715,10,Male,8.5,4,2.3,2,4.8,4,5.5,19.8,2,3,5,1,1,0
716,12,Male,6.0,4,2.4,2,0.6,1,4.2,78.8,2,5,3,1,2,0
717,9,Male,6.3,4,2.7,1,1.4,1,3.7,5.0,2,3,2,1,1,0
718,12,Male,4.7,4,2.9,2,2.2,3,3.1,67.0,4,5,3,2,2,0
719,10,Male,9.2,5,0.0,4,0.0,0,1.3,31.8,4,4,5,1,1,0
720,10,Male,7.8,4,1.4,1,2.8,4,5.6,25.2,3,4,4,2,1,0
721,9,Male,10.1,4,2.5,3,0.0,0,5.2,47.6,5,2,1,1,1,0
722,9,Male,9.8,4,1.5,3,3.8,4,5.4,18.8,2,5,5,1,1,0
723,9,Male,6.7,3,3.6,1,1.0,2,8.3,46.2,3,4,4,3,3,0
724,10,Female,8.3,4,4.0,4,0.0,0,3.7,53.1,5,2,4,2,2,0
725,11,Nonbinary,6.6,2,2.8,4,0.0,0,4.7,18.0,1,4,1,5,3,0
726,12,Male,9.0,4,3.8,2,1.5,2,3.4,55.6,5,3,3,2,3,0
727,10,Male,5.6,3,1.6,1,3.5,3,4.6,28.1,5,3,1,4,3,0
728,10,Female,7.0,3,2.7,0,3.7,4,6.5,23.1,4,1,1,3,2,0
729,11,Female,8.0,4,1.0,1,1.6,2,6.7,31.7,5,4,1,1,1,0
730,10,Female,6.1,2,4.2,2,5.2,4,6.6,5.0,2,2,4,4,3,0
731,9,Male,8.1,3,3.1,0,2.6,2,8.1,20.1,4,2,5,1,2,0
732,12,Male,8.0,3,2.8,6,1.1,1,8.4,48.1,5,5,5,3,1,0
733,11,Nonbinary,8.3,2,2.2,4,1.6,2,7.7,28.5,2,1,3,4,3,0
734,10,Female,7.4,4,1.9,1,0.0,0,7.8,32.4,5,3,5,1,1,0
735,9,Male,6.3,3,3.4,3,4.9,4,5.5,47.1,1,2,4,2,2,0
736,10,Male,7.9,3,2.3,2,1.4,1,6.4,37.3,4,4,1,3,2,0
737,10,Male,8.1,4,3.1,0,0.0,0,4.5,5.0,2,3,3,1,2,0
738,11,Female,8.5,4,0.0,1,2.4,3,6.3,9.4,2,1,5,1,2,0
739,9,Female,5.4,3,2.4,0,1.0,1,4.6,47.3,2,4,2,3,2,0
740,11,Female,5.5,3,3.6,4,1.1,1,2.7,64.2,2,2,4,4,3,0
741,9,Female,6.9,3,2.4,4,1.7,2,3.6,5.0,4,4,1,3,3,0
742,10,Male,8.6,4,1.7,1,5.6,4,1.1,27.4,1,1,1,3,3,0
743,9,Male,5.5,3,1.7,0,0.0,0,4.0,78.1,4,1,3,3,3,0
744,10,Male,9.4,3,5.2,4,5.9,4,2.6,36.0,2,2,3,3,3,0
745,11,Male,7.4,3,3.6,0,3.2,3,6.5,24.0,5,1,4,2,2,0
746,9,Male,10.4,4,2.2,0,3.8,4,5.1,5.0,5,5,4,1,2,0
747,10,Female,4.0,2,0.3,4,3.0,4,5.6,38.9,4,5,4,4,3,0
748,12,Female,7.0,3,4.0,3,3.4,3,2.2,57.0,3,1,2,3,4,1
749,11,Female,7.1,4,1.6,2,0.0,0,4.2,62.7,4,4,4,1,1,0
750,10,Female,7.5,4,3.7,0,1.5,1,3.1,28.2,2,5,1,2,1,0
751,10,Female,8.6,3,6.0,2,0.0,0,7.9,5.0,1,2,3,3,3,0
752,9,Male,6.5,2,3.4,4,1.3,1,5.6,42.2,1,4,2,4,3,0
753,10,Male,8.3,3,1.8,4,2.6,3,8.9,31.1,4,4,2,2,3,0
754,10,Female,7.1,4,1.1,3,2.8,3,3.4,27.4,4,3,1,2,1,0
755,12,Female,7.8,3,2.6,2,0.0,0,0.0,27.6,3,1,1,4,2,0
756,12,Female,5.8,2,5.4,2,0.9,1,4.4,5.0,4,3,3,5,4,1
757,9,Female,6.1,2,5.0,4,4.7,4,5.5,24.7,3,2,3,4,3,0
758,12,Male,7.7,3,3.8,5,4.4,3,7.7,5.0,2,5,5,2,3,0
759,11,Male,8.7,4,2.6,0,0.0,0,6.9,22.8,5,1,4,1,1,0
760,11,Female,4.8,2,2.4,3,1.7,2,6.0,5.0,1,1,3,4,3,0
761,11,Male,7.1,3,3.1,2,5.4,4,8.6,18.9,2,2,5,3,3,0
762,9,Female,6.8,3,2.5,2,0.0,0,7.2,26.9,1,5,1,3,2,0
763,12,Female,8.1,3,1.6,4,0.0,0,6.8,29.9,1,4,2,3,2,0
764,11,Female,7.1,4,2.8,2,4.3,4,4.1,34.6,2,5,3,1,2,0
765,9,Male,8.2,3,1.2,1,1.2,1,6.2,5.0,1,2,3,3,3,0
766,10,Nonbinary,6.7,3,2.2,2,1.1,1,5.2,5.0,5,1,5,3,3,0
767,12,Male,6.1,3,0.3,4,1.2,1,3.5,20.7,2,5,2,3,2,0
768,10,Female,8.4,4,3.2,3,0.0,0,4.9,17.1,2,2,4,1,1,0
769,12,Male,8.5,3,4.3,4,2.9,2,2.0,43.7,1,1,2,3,3,0
770,11,Female,8.7,3,2.1,0,4.5,3,6.5,44.9,3,2,5,2,2,0
771,9,Female,5.8,2,2.1,4,3.2,3,8.8,35.0,5,1,5,5,4,1
772,9,Female,10.1,4,2.6,0,3.3,3,9.4,42.2,3,3,1,1,1,0
773,11,Male,7.9,3,1.3,3,3.2,3,6.3,10.4,4,2,4,2,1,0
774,10,Female,7.4,2,1.5,4,3.7,3,7.2,42.7,2,4,5,4,3,0
775,12,Female,6.0,2,0.8,6,1.3,1,7.9,25.8,2,3,3,5,4,1
776,9,Male,7.2,5,3.6,0,1.3,1,1.9,6.0,2,5,5,1,1,0
777,10,Male,9.9,2,5.5,0,1.4,2,5.4,9.1,3,2,1,4,4,1
778,12,Female,3.9,3,3.8,3,0.0,0,3.3,5.0,2,2,4,4,4,1
779,9,Male,6.2,4,0.8,1,3.9,4,4.2,37.6,3,1,4,2,2,0
780,10,Male,6.1,3,2.7,0,0.7,1,8.7,77.7,5,1,1,2,2,0
781,11,Female,7.5,3,3.7,2,3.7,4,8.7,37.5,2,3,3,3,4,1
782,12,Male,6.3,3,2.9,3,4.4,4,7.2,54.5,4,5,1,2,2,0
783,12,Male,6.2,3,4.2,5,0.0,0,3.2,5.0,5,4,3,3,3,0
784,11,Female,9.5,4,2.1,4,0.0,0,4.7,19.4,1,5,2,2,1,0
785,9,Male,6.4,4,3.9,3,0.0,0,1.6,38.0,1,2,1,3,2,0
786,9,Male,10.0,3,2.0,3,2.2,2,5.8,38.6,2,1,1,3,3,0
787,11,Female,6.9,3,1.7,0,3.3,4,3.2,18.1,2,3,5,3,3,0
788,12,Male,5.1,2,3.5,5,0.0,0,5.3,20.7,4,4,2,4,3,0
789,10,Female,8.5,4,0.3,1,3.2,4,5.9,32.5,2,4,4,1,1,0
790,11,Female,7.3,4,0.7,0,0.0,0,4.4,5.0,4,2,1,2,1,0
791,12,Male,4.9,2,2.5,5,3.1,3,2.9,49.4,2,5,2,5,4,1
792,11,Female,8.2,4,5.0,1,0.0,0,3.8,22.0,1,3,5,2,3,0
793,11,Female,7.2,3,2.1,0,5.2,4,6.1,13.0,4,4,2,3,2,0
794,12,Female,6.3,3,3.1,5,2.8,3,3.8,20.1,1,1,5,4,3,0
795,11,Male,5.1,3,1.6,0,0.7,1,7.2,38.0,1,4,4,4,2,0
796,11,Female,8.1,3,4.9,3,1.9,2,3.3,31.4,1,4,1,4,3,0
797,9,Female,6.9,3,1.8,0,3.6,4,7.3,37.7,3,4,1,2,2,0
798,10,Female,4.7,2,2.5,1,1.1,1,4.4,8.3,5,1,1,4,4,1
799,12,Male,6.8,2,4.9,5,1.5,2,5.1,15.3,1,1,5,4,3,0
800,11,Male,3.7,3,5.2,3,1.4,2,3.8,23.7,5,4,5,4,2,0
801,10,Female,5.4,3,4.2,0,4.2,3,2.2,58.9,2,5,1,4,4,1
802,9,Male,6.2,4,0.0,3,2.4,4,3.0,24.9,2,5,3,2,1,0
803,10,Female,9.6,3,1.8,4,2.3,2,7.3,36.4,5,5,4,2,1,0
804,10,Male,7.6,2,4.1,0,2.5,3,6.0,58.1,5,1,5,4,3,0
805,9,Female,9.1,4,2.3,1,0.0,0,4.0,20.6,4,2,2,1,1,0
806,11,Female,7.0,4,0.0,0,3.9,3,5.9,30.3,2,1,4,1,1,0
807,9,Nonbinary,3.6,3,2.8,0,3.7,3,5.9,17.6,5,5,3,3,3,0
808,9,Female,3.8,3,2.2,3,3.0,3,3.6,5.1,4,3,3,3,3,0
809,11,Male,7.8,4,2.4,3,0.0,0,3.2,54.5,2,2,3,2,2,0
810,12,Female,10.0,4,1.8,5,2.9,4,3.3,34.4,3,5,4,1,1,0
811,12,Male,7.0,4,0.3,3,0.5,1,3.0,44.5,5,4,1,2,1,0
812,10,Male,8.0,3,0.0,4,1.4,1,6.4,31.0,4,2,4,2,2,0
813,11,Male,5.3,3,1.9,2,0.7,1,2.5,33.3,3,4,4,3,2,0
814,9,Female,7.3,3,2.0,1,0.9,1,7.4,45.9,5,4,2,3,2,0
815,9,Male,9.8,3,1.8,2,1.3,2,6.8,5.2,4,2,2,2,2,0
816,10,Female,7.2,3,5.0,3,3.6,4,6.6,37.7,4,3,2,3,3,0
817,11,Female,6.9,3,2.0,2,3.0,4,7.4,48.0,3,3,1,3,3,0
818,10,Male,5.4,3,3.2,2,3.0,2,5.3,34.5,3,4,2,3,3,0
819,10,Female,7.3,3,2.3,1,4.2,3,6.1,43.5,4,3,5,2,2,0
820,11,Female,6.9,3,2.3,4,2.3,3,3.4,37.8,4,4,4,2,3,0
821,11,Female,5.7,2,0.4,0,1.2,1,7.8,5.0,1,5,2,5,4,1
822,10,Male,5.5,4,0.5,0,0.0,0,3.6,9.9,5,5,2,2,1,0
823,11,Male,9.1,3,2.5,4,1.1,2,4.5,24.1,3,5,1,2,2,0
824,10,Female,3.9,3,2.0,0,5.0,4,5.5,41.6,4,5,3,3,2,0
825,11,Male,7.4,3,1.2,2,1.0,2,4.8,5.0,2,1,3,4,4,1
826,12,Female,4.3,2,2.8,6,4.4,3,8.3,45.5,4,3,5,4,3,0
827,10,Male,7.6,3,1.0,3,3.2,4,6.1,6.2,2,2,2,3,2,0
828,9,Male,7.5,3,3.3,3,1.7,2,6.2,55.1,2,3,5,3,3,0
829,10,Male,7.7,3,3.1,0,2.3,4,6.3,5.0,2,1,4,3,3,0
830,11,Female,7.2,3,2.7,2,0.0,0,5.1,47.7,2,3,2,3,2,0
831,11,Male,7.8,3,1.9,3,3.3,4,2.5,17.9,2,2,4,3,3,0
832,12,Nonbinary,7.7,4,2.2,1,2.7,3,5.0,19.7,5,4,4,1,2,0
833,9,Male,8.1,4,1.6,1,1.0,1,4.8,5.0,4,2,5,1,1,0
834,10,Female,9.4,4,4.3,2,4.1,4,5.4,30.0,3,2,3,2,2,0
835,11,Male,5.3,2,2.7,2,0.0,0,6.4,29.0,1,5,1,4,3,0
836,12,Male,8.0,3,2.1,6,2.6,2,6.7,63.5,3,4,3,2,2,0
837,12,Female,6.0,3,2.7,3,3.1,4,4.1,12.9,4,3,2,4,2,0
838,12,Male,5.8,3,2.9,5,0.9,1,4.6,5.0,3,5,5,3,2,0
839,12,Male,8.3,4,1.3,3,3.1,3,4.0,5.0,2,3,4,1,1,0
840,12,Male,6.8,2,3.7,6,0.6,1,6.3,10.2,1,2,3,5,5,1
841,10,Female,9.1,4,2.3,2,2.5,2,8.7,36.9,3,1,5,1,1,0
842,11,Male,7.9,3,0.8,2,2.8,2,5.6,29.4,2,4,4,2,3,0
843,9,Male,7.5,3,1.3,3,2.3,2,7.2,41.8,4,4,3,3,2,0
844,11,Female,7.3,3,1.9,2,2.5,2,8.0,22.7,1,1,5,3,2,0
845,11,Male,5.4,2,1.3,2,4.8,4,4.6,17.8,2,4,2,4,4,1
846,11,Female,6.3,3,0.0,3,0.0,0,4.7,39.5,2,3,5,3,2,0
847,11,Female,8.3,3,0.8,4,0.0,0,3.4,53.7,2,1,3,3,3,0
848,9,Female,8.7,4,2.7,1,1.8,3,0.0,35.2,1,1,1,2,2,0
849,11,Female,5.5,3,1.3,2,3.6,3,3.2,47.0,5,1,5,4,2,0
850,11,Nonbinary,6.8,3,2.3,1,4.2,3,7.7,24.0,3,3,5,3,2,0
851,10,Female,6.7,3,3.1,0,3.7,4,6.8,7.4,4,4,4,2,2,0
852,12,Male,6.6,4,1.5,2,1.4,1,5.4,39.1,5,5,2,1,1,0
853,9,Male,5.7,2,4.7,4,1.8,3,6.1,44.5,4,4,5,4,3,0
854,10,Male,7.4,2,1.7,4,1.4,1,7.9,34.7,1,2,5,4,4,1
855,11,Male,4.7,2,3.0,3,1.4,1,3.7,44.9,1,2,1,5,5,1
856,9,Female,7.1,4,0.0,3,1.8,2,2.5,38.8,4,5,5,2,2,0
857,9,Male,7.2,3,1.8,0,0.0,0,3.5,35.8,4,5,2,2,1,0
858,10,Female,6.0,3,3.0,1,0.0,0,8.3,5.0,2,2,4,2,1,0
859,11,Female,7.9,3,3.4,4,3.5,3,5.1,13.7,1,5,2,2,2,0
860,10,Male,3.8,3,2.0,3,1.5,2,3.4,32.1,3,1,4,4,3,0
861,12,Female,5.8,1,0.0,4,0.8,1,7.8,43.0,5,3,2,5,3,0
862,9,Female,9.7,3,5.5,4,0.0,0,4.4,39.3,4,3,2,3,2,0
863,10,Female,6.4,3,2.7,3,2.3,2,3.4,24.7,3,3,5,2,2,0
864,12,Female,7.3,3,1.6,3,0.0,0,2.6,5.0,4,2,5,3,2,0
865,10,Male,4.6,2,3.2,3,5.3,4,6.2,46.0,1,3,2,4,3,0
866,10,Male,5.9,2,4.2,4,1.3,1,4.0,5.0,5,2,5,5,3,0
867,12,Nonbinary,8.8,3,1.6,4,4.4,3,6.1,54.0,3,5,1,2,2,0
868,12,Male,7.8,4,2.0,3,2.1,2,2.6,26.6,1,5,2,2,2,0
869,11,Male,6.7,4,1.9,3,0.8,1,5.3,34.7,5,4,2,1,1,0
870,12,Female,10.7,3,4.3,6,4.5,3,2.5,13.9,1,2,2,4,4,1
871,9,Male,7.3,4,1.2,1,1.4,1,4.0,8.1,3,4,2,2,2,0
872,11,Male,6.3,3,0.9,4,3.9,4,5.0,42.2,5,3,4,3,2,0
873,12,Female,9.3,4,0.0,4,0.0,0,4.5,46.2,2,1,4,1,1,0
874,12,Female,6.2,4,2.1,2,3.6,3,3.8,21.5,3,5,3,1,1,0
875,11,Male,6.6,3,1.4,4,0.9,1,4.2,22.3,5,1,1,4,3,0
876,11,Female,8.4,3,4.0,3,0.0,0,5.4,27.5,1,4,3,2,2,0
877,12,Male,5.3,3,0.7,6,4.9,4,4.9,22.3,5,4,3,3,2,0
878,11,Female,6.0,3,1.3,3,5.7,4,6.4,23.7,3,4,5,2,2,0
879,9,Male,6.6,4,2.2,1,1.0,1,5.6,59.3,2,5,1,1,1,0
880,9,Female,8.0,4,0.0,0,2.8,2,1.2,37.6,3,1,5,1,2,0
881,9,Female,8.8,4,2.9,0,1.3,1,3.8,33.7,5,1,3,1,2,0
882,12,Male,9.1,3,0.2,1,2.0,3,7.2,29.4,1,1,2,2,3,0
883,9,Male,6.6,4,3.3,1,2.3,2,4.1,5.0,3,1,1,2,1,0
884,9,Female,5.5,3,3.0,2,1.0,1,3.6,50.5,5,4,2,4,3,0
885,12,Male,6.7,3,2.8,4,0.6,1,4.9,44.0,3,3,5,4,3,0
886,9,Male,7.5,4,1.9,1,2.5,2,4.9,22.2,5,3,5,1,2,0
887,9,Female,7.8,4,0.7,3,2.6,4,4.2,12.1,5,3,3,1,1,0
888,10,Male,7.3,3,4.6,3,1.3,2,3.1,32.5,3,1,4,3,3,0
889,11,Male,5.5,2,3.7,0,4.0,3,9.2,7.5,1,4,2,4,4,1
890,10,Male,6.8,3,2.6,4,4.4,4,3.1,22.4,3,5,1,3,3,0
891,12,Male,6.1,3,3.7,4,0.0,0,5.5,15.4,2,2,4,3,3,0
892,12,Male,6.9,4,0.6,3,1.4,1,6.1,31.9,2,5,5,1,1,0
893,11,Male,9.2,4,3.9,1,1.1,1,3.1,16.2,3,3,3,1,2,0
894,12,Female,8.1,4,2.1,2,1.2,1,4.2,5.0,3,4,1,2,2,0
895,9,Male,5.6,2,5.5,1,3.7,4,8.3,48.0,3,3,1,4,4,1
896,9,Female,6.6,2,4.3,1,1.3,1,8.7,70.0,4,3,1,3,4,1
897,11,Male,6.2,4,3.0,2,2.7,4,4.2,51.0,2,1,4,2,2,0
898,9,Male,6.3,4,1.1,3,1.3,1,4.7,41.9,1,3,5,1,1,0
899,9,Male,6.3,3,3.8,0,1.7,2,8.1,19.0,2,3,4,3,2,0
900,11,Male,10.0,4,2.0,2,1.5,2,3.9,39.4,4,2,5,1,1,0
901,11,Male,10.2,4,1.9,0,5.7,4,4.2,18.8,3,1,4,2,1,0
902,10,Female,6.5,4,2.9,4,3.3,3,1.9,19.2,5,4,1,3,2,0
903,9,Male,8.7,4,2.0,1,0.0,0,5.7,5.0,4,5,3,1,1,0
904,12,Female,10.1,3,3.2,1,4.4,4,7.2,46.2,2,1,1,3,3,0
905,12,Female,7.8,3,2.8,1,1.5,1,2.9,36.4,3,1,2,3,2,0
906,11,Male,2.6,3,2.2,0,0.6,1,3.9,32.0,3,1,4,4,3,0
907,10,Female,6.8,3,2.1,3,1.4,1,2.1,44.2,1,1,4,3,3,0
908,9,Female,8.6,3,3.4,4,2.0,4,2.7,22.4,1,4,4,2,1,0
909,11,Male,7.9,3,0.7,0,5.8,4,7.3,35.1,3,1,1,3,2,0
910,10,Nonbinary,9.4,3,0.4,3,3.3,3,4.2,5.0,1,3,1,2,1,0
911,12,Male,7.7,3,6.3,4,5.8,4,4.4,25.4,3,4,2,4,3,0
912,10,Female,8.1,3,0.0,4,1.8,2,3.7,39.1,2,5,2,3,2,0
913,9,Female,7.9,4,2.0,1,2.2,4,3.8,34.8,1,4,2,2,2,0
914,10,Female,7.8,2,1.9,0,0.0,0,7.0,41.1,2,1,3,4,3,0
915,12,Male,7.6,4,3.4,2,1.3,1,1.0,19.0,1,4,4,2,2,0
916,10,Male,6.7,4,4.4,2,5.4,4,4.3,39.6,3,5,4,2,2,0
917,12,Male,7.3,3,2.1,2,2.3,3,8.6,42.7,2,1,4,3,2,0
918,12,Male,9.4,4,2.7,2,1.9,3,5.8,69.5,5,4,1,1,3,0
919,11,Male,5.0,3,3.0,2,1.2,2,5.4,5.0,4,4,3,4,3,0
920,12,Male,7.5,2,3.1,5,0.0,0,7.9,39.7,5,1,5,4,2,0
921,10,Female,8.7,3,0.9,4,2.8,3,5.1,40.6,1,4,4,2,1,0
922,9,Female,6.2,3,2.8,0,0.0,0,6.5,8.2,1,4,5,3,3,0
923,12,Female,5.8,3,2.2,3,2.9,2,4.1,5.0,3,5,3,4,2,0
924,9,Male,5.8,1,4.1,0,1.4,2,9.3,5.0,2,1,3,5,5,1
925,10,Male,9.1,4,0.2,1,2.9,3,4.6,5.0,3,2,3,1,1,0
926,10,Female,8.7,4,2.9,3,0.8,1,3.9,66.4,1,5,4,1,1,0
927,10,Male,8.9,4,0.0,2,0.8,1,7.0,25.8,5,1,3,1,2,0
928,10,Male,7.1,3,2.9,3,0.0,0,4.9,38.2,3,3,5,2,2,0
929,12,Nonbinary,5.3,3,3.0,6,1.6,2,3.5,27.6,5,4,5,4,3,0
930,12,Male,4.9,3,3.6,5,0.6,1,5.6,22.2,5,5,1,4,3,0
931,11,Male,5.5,2,4.2,4,1.6,2,5.1,66.8,3,2,5,5,5,1
932,12,Female,5.7,3,3.3,1,0.0,0,4.4,14.3,3,5,1,4,3,0
933,11,Male,8.6,4,4.6,2,4.9,4,4.3,50.9,3,2,5,1,2,0
934,10,Male,5.9,3,2.3,3,0.0,0,8.1,24.2,3,4,4,3,2,0
935,11,Female,6.6,4,2.9,3,1.5,1,4.4,20.8,1,4,5,2,2,0
936,11,Female,5.4,2,1.3,0,0.0,0,2.9,65.5,5,3,2,4,3,0
937,9,Female,6.5,3,1.6,1,3.8,3,7.5,59.7,5,1,5,3,2,0
938,9,Female,6.5,3,3.6,0,3.8,4,4.6,58.7,2,3,4,3,3,0
939,10,Female,8.8,3,0.0,4,2.5,2,7.6,15.9,2,1,5,3,3,0
940,10,Female,10.1,4,3.9,4,3.0,4,7.5,16.1,5,3,5,1,1,0
941,12,Female,5.8,2,1.1,3,3.9,3,6.4,45.0,2,4,1,5,3,0
942,10,Male,6.4,4,3.0,1,0.0,0,3.9,40.1,2,3,3,2,2,0
943,10,Male,6.5,3,3.4,1,0.0,0,4.4,69.7,5,1,4,3,2,0
944,11,Male,7.2,3,2.8,2,1.3,1,5.9,19.8,4,2,2,2,2,0
945,11,Female,9.4,3,4.8,0,0.0,0,6.0,37.3,4,1,1,3,3,0
946,9,Female,6.7,3,4.1,1,2.9,4,4.2,5.3,1,5,4,2,3,0
947,11,Female,10.2,3,2.2,1,2.4,2,6.5,37.5,3,3,5,2,2,0
948,9,Male,8.6,3,4.7,4,0.6,1,6.4,29.0,5,4,4,2,2,0
949,11,Female,9.7,3,3.1,4,4.0,4,3.7,30.4,5,3,1,3,2,0
950,10,Male,4.8,2,0.0,4,1.3,1,3.0,80.1,3,5,3,5,3,0
951,10,Female,6.6,3,3.2,0,4.1,3,4.7,5.0,4,2,2,2,2,0
952,9,Female,9.0,3,1.5,3,3.5,3,5.4,17.7,3,2,3,2,2,0
953,12,Female,5.2,2,0.0,1,3.9,4,4.7,22.1,4,1,3,4,4,1
954,11,Male,6.7,3,1.6,2,2.3,2,6.2,5.0,2,5,5,2,2,0
955,11,Female,5.5,2,5.2,2,0.0,0,4.0,48.2,1,2,4,4,3,0
956,11,Female,7.8,3,2.8,3,1.4,1,2.2,26.9,4,1,2,3,2,0
957,9,Female,4.0,3,2.3,2,0.9,1,7.8,66.6,1,4,3,3,2,0
958,9,Female,7.8,3,4.0,1,0.0,0,5.5,15.0,4,1,4,3,2,0
959,12,Male,6.4,3,3.5,5,2.9,4,7.1,31.0,5,2,4,3,2,0
960,11,Female,4.0,3,4.6,3,0.6,1,4.6,10.0,4,3,5,4,2,0
961,11,Male,5.8,3,2.9,3,5.5,4,6.8,5.0,3,5,4,3,2,0
962,9,Male,4.2,2,5.0,0,2.1,4,6.0,62.4,5,2,4,5,3,0
963,11,Male,8.2,3,1.7,4,0.0,0,5.0,49.9,4,3,1,3,2,0
964,11,Male,7.9,3,3.4,3,0.5,1,4.5,30.8,4,4,3,3,3,0
965,9,Male,7.9,3,3.6,4,0.5,1,4.7,38.0,2,3,4,2,2,0
966,9,Female,7.8,4,4.2,0,5.4,4,5.9,52.2,5,4,5,1,1,0
967,12,Male,7.6,4,3.4,5,1.0,2,1.9,45.0,4,2,2,2,2,0
968,10,Male,5.9,3,2.2,0,2.1,2,3.2,68.7,4,2,1,4,4,1
969,12,Male,7.6,3,3.1,6,3.6,4,4.3,11.3,3,3,2,3,3,0
970,10,Male,5.6,2,5.0,1,2.8,4,1.4,62.3,1,2,5,5,5,1
971,11,Female,5.6,2,2.1,3,1.5,1,8.4,35.6,2,2,2,4,3,0
972,10,Male,8.3,4,1.7,2,1.5,1,6.8,21.0,1,4,4,1,1,0
973,9,Male,7.9,3,3.8,2,2.9,2,3.7,58.0,5,1,1,3,3,0
974,9,Male,6.4,2,5.0,3,1.5,1,6.0,31.7,3,2,3,4,3,0
975,9,Male,7.4,4,1.1,1,0.9,1,2.5,42.9,1,4,5,2,1,0
976,10,Male,8.0,4,2.3,2,3.7,3,5.7,18.3,2,1,1,2,1,0
977,9,Male,10.4,5,3.7,0,1.2,2,0.6,5.0,5,5,2,1,2,0
978,11,Female,10.0,3,3.5,4,4.5,4,6.7,19.6,5,5,4,2,1,0
979,11,Female,6.7,3,2.3,3,1.6,2,6.1,15.9,4,5,1,2,1,0
980,9,Male,7.2,3,3.2,0,0.7,1,10.8,30.3,3,4,3,2,2,0
981,11,Male,6.9,4,4.2,1,0.0,0,4.0,5.0,5,2,2,2,1,0
982,11,Male,5.9,1,1.8,4,0.6,1,6.7,68.7,1,3,2,5,4,1
983,10,Male,7.2,4,2.1,0,1.2,1,5.2,30.3,3,5,1,1,1,0
984,10,Nonbinary,4.3,2,2.2,3,1.6,3,7.1,13.6,2,4,1,4,4,1
985,11,Female,7.8,3,1.8,0,1.4,1,5.2,10.9,3,2,2,2,2,0
986,12,Female,9.6,3,1.6,6,5.8,4,5.3,33.8,5,3,1,2,1,0
987,9,Female,5.7,2,2.6,0,2.9,4,7.6,11.9,4,4,2,5,3,0
988,9,Female,7.0,3,3.0,0,0.6,1,4.0,33.3,2,1,1,3,3,0
989,11,Male,4.7,2,1.9,2,1.6,2,9.2,32.9,2,5,3,4,4,1
990,10,Female,7.0,3,3.7,1,3.0,4,4.1,43.4,1,1,1,2,3,0
991,10,Female,6.5,3,3.9,4,2.7,2,2.3,30.1,4,1,1,4,3,0
992,12,Female,8.1,4,0.2,6,0.9,1,4.8,54.5,4,5,5,1,2,0
993,11,Female,8.7,3,3.5,1,5.8,4,5.4,18.0,1,2,2,2,2,0
994,10,Male,7.3,3,4.5,1,0.9,1,7.0,37.8,1,4,5,3,3,0
995,12,Male,6.1,1,3.6,4,0.0,0,8.1,5.0,1,2,1,5,4,1
996,12,Male,7.2,5,2.4,3,1.0,1,3.4,11.5,5,5,4,1,1,0
997,11,Male,6.2,4,3.5,1,0.0,0,5.8,9.7,5,5,1,2,2,0
998,10,Female,3.3,2,1.5,4,1.8,2,8.0,41.2,5,2,2,5,4,1
999,9,Male,10.6,4,2.8,2,2.4,3,4.8,22.8,3,3,5,2,2,0
1000,10,Male,6.7,4,0.4,3,0.0,0,4.5,5.0,3,5,4,2,1,0
